コード,銘柄名,順位
4422.T,ＶＡＬＵＥＮＥＸ,1
5380.T,新東,2
9408.T,ＢＳＮメディアホールディングス,3
7673.T,ダイコー通産,4
6396.T,宇野澤組鐵工所,5
4287.T,ジャストプランニング,6
4465.T,ニイタカ,7
7877.T,永大化工,8
1430.T,ファーストコーポレーション,9
9906.T,藤井産業,10
1788.T,三東工業社,11
5867.T,エスネットワークス,12
7619.T,田中商事,13
5575.T,Ｇｌｏｂｅｅ,14
6035.T,アイ・アールジャパンホールディングス,15
9791.T,ビケンテクノ,16
9165.T,クオルテック,17
8291.T,日産東京販売ホールディングス,18
5103.T,昭和ホールディングス,19
9780.T,ハリマビステム,20
5580.T,プロディライト,21
3612.T,ワールド,22
4320.T,ＣＥホールディングス,23
5271.T,トーヨーアサノ,24
5858.T,ＳＴＧ,25
3284.T,フージャースホールディングス,26
8147.T,トミタ,27
3955.T,イムラ,28
1764.T,工藤建設,29
4994.T,大成ラミックグループ,30
7979.T,松風,31
8617.T,光世証券,32
7128.T,ユニソルホールディングス,33
5889.T,Ｊａｐａｎ　Ｅｙｅｗｅａｒ　Ｈｏｌｄｉｎｇｓ,34
4920.T,日本色材工業研究所,35
6419.T,マースグループホールディングス,36
6989.T,北陸電気工業,37
167A.T,リョーサン菱洋ホールディングス,38
7893.T,プロネクサス,39
9262.T,シルバーライフ,40
4378.T,ＣＩＮＣ,41
2153.T,Ｅ・Ｊホールディングス,42
7239.T,タチエス,43
7278.T,エクセディ,44
9365.T,トレーディア,45
4772.T,ＳＭ　ＥＮＴＥＲＴＡＩＮＭＥＮＴ　ＪＡＰＡＮ,46
297A.T,アルピコホールディングス,47
4765.T,ＳＢＩグローバルアセットマネジメント,48
3320.T,クロスプラス,49
2916.T,仙波糖化工業,50
7925.T,前澤化成工業,51
2475.T,ＷＤＢホールディングス,52
5658.T,日亜鋼業,53
6306.T,日工,54
9856.T,ケーユーホールディングス,55
3294.T,イーグランド,56
9401.T,ＴＢＳホールディングス,57
8129.T,東邦ホールディングス,58
9273.T,コーア商事ホールディングス,59
4619.T,日本特殊塗料,60
7483.T,ドウシシャ,61
3271.T,ＴＨＥグローバル社,62
2154.T,オープンアップグループ,63
6074.T,ジェイエスエス,64
2664.T,カワチ薬品,65
9023.T,東京地下鉄,66
9008.T,京王電鉄,67
9274.T,ＫＰＰグループホールディングス,68
8185.T,チヨダ,69
3131.T,シンデン・ハイテックス,70
5946.T,長府製作所,71
7305.T,新家工業,72
7463.T,アドヴァングループ,73
6157.T,日進工具,74
7593.T,ＶＴホールディングス,75
3232.T,三重交通グループホールディングス,76
6342.T,太平製作所,77
6413.T,理想科学工業,78
2212.T,山崎製パン,79
7856.T,萩原工業,80
6382.T,トリニティ工業,81
8793.T,ＮＥＣキャピタルソリューション,82
6489.T,前澤工業,83
8076.T,カノークス,84
7820.T,ニホンフラッシュ,85
8771.T,イー・ギャランティ,86
6239.T,ナガオカ,87
8596.T,九州リースサービス,88
7299.T,フジオーゼックス,89
6294.T,オカダアイヨン,90
8289.T,Ｏｌｙｍｐｉｃグループ,91
3154.T,メディアスホールディングス,92
6272.T,レオン自動機,93
8101.T,ＧＳＩクレオス,94
3107.T,ダイワボウホールディングス,95
8198.T,マックスバリュ東海,96
8052.T,椿本興業,97
9202.T,ＡＮＡホールディングス,98
6282.T,オイレス工業,99
8584.T,ジャックス,100
8801.T,三井不動産,101
1882.T,東亜道路工業,102
9622.T,スペース,103
6737.T,ＥＩＺＯ,104
8566.T,リコーリース,105
5976.T,高周波熱錬,106
2613.T,Ｊ－オイルミルズ,107
5949.T,ユニプレス,108
7914.T,共同印刷,109
9022.T,東海旅客鉄道,110
4613.T,関西ペイント,111
8425.T,みずほリース,112
9882.T,イエローハット,113
4534.T,持田製薬,114
8016.T,オンワードホールディングス,115
2924.T,イフジ産業,116
8081.T,カナデン,117
3191.T,ジョイフル本田,118
6371.T,椿本チエイン,119
5363.T,東京窯業,120
8881.T,日神グループホールディングス,121
1981.T,協和日成,122
8160.T,木曽路,123
9757.T,船井総研ホールディングス,124
9832.T,オートバックスセブン,125
6919.T,ケル,126
7840.T,フランスベッドホールディングス,127
8095.T,アステナホールディングス,128
7607.T,進和,129
8091.T,ニチモウ,130
8281.T,ゼビオホールディングス,131
3501.T,ＳＵＭＩＮＯＥ,132
2875.T,東洋水産,133
8439.T,東京センチュリー,134
2053.T,中部飼料,135
8725.T,ＭＳ＆ＡＤインシュアランスグループホールディングス,136
2301.T,学情,137
6059.T,ウチヤマホールディングス,138
5988.T,パイオラックス,139
8043.T,スターゼン,140
9533.T,東邦瓦斯,141
8572.T,アコム,142
9304.T,澁澤倉庫,143
4526.T,理研ビタミン,144
2296.T,伊藤ハム米久ホールディングス,145
7949.T,小松ウオール工業,146
7508.T,Ｇ‐７ホールディングス,147
6062.T,チャーム・ケア・コーポレーション,148
6929.T,日本セラミック,149
9060.T,日本ロジテム,150
3109.T,シキボウ,151
2359.T,コア,152
3002.T,グンゼ,153
2004.T,昭和産業,154
9716.T,乃村工藝社,155
7313.T,テイ・エス　テック,156
4825.T,ウェザーニューズ,157
2109.T,ＤＭ三井製糖,158
8613.T,丸三証券,159
7420.T,佐鳥電機,160
2146.T,ＵＴグループ,161
2282.T,日本ハム,162
9987.T,スズケン,163
8219.T,青山商事,164
5970.T,ジーテクト,165
2784.T,アルフレッサ　ホールディングス,166
5076.T,インフロニア・ホールディングス,167
8850.T,スターツコーポレーション,168
9001.T,東武鉄道,169
7438.T,コンドーテック,170
1301.T,極洋,171
5195.T,バンドー化学,172
4404.T,ミヨシ油脂,173
9218.T,メンタルヘルステクノロジーズ,174
9686.T,東洋テック,175
2292.T,Ｓ　Ｆｏｏｄｓ,176
4732.T,ユー・エス・エス,177
5933.T,アルインコ,178
4490.T,ビザスク,179
1929.T,日特建設,180
3048.T,ビックカメラ,181
8877.T,エスリード,182
9163.T,ナレルグループ,183
9037.T,ハマキョウレックス,184
7987.T,ナカバヤシ,185
4094.T,日本化学産業,186
3946.T,トーモク,187
6381.T,アネスト岩田,188
3156.T,レスター,189
3231.T,野村不動産ホールディングス,190
7388.T,ＦＰパートナー,191
3877.T,中越パルプ工業,192
7595.T,アルゴグラフィックス,193
5279.T,日本興業,194
9029.T,ヒガシホールディングス,195
2168.T,パソナグループ,196
9007.T,小田急電鉄,197
7504.T,高速,198
9628.T,燦ホールディングス,199
6349.T,小森コーポレーション,200
7096.T,ステムセル研究所,201
8511.T,日本証券金融,202
7886.T,ヤマト　モビリティ　＆　Ｍｆｇ．,203
324A.T,ブッキングリゾート,204
6070.T,キャリアリンク,205
6718.T,アイホン,206
3560.T,ほぼ日,207
7730.T,マニー,208
7971.T,東リ,209
9900.T,サガミホールディングス,210
2733.T,あらた,211
6345.T,アイチ　コーポレーション,212
7751.T,キヤノン,213
8137.T,サンワテクノス,214
2819.T,エバラ食品工業,215
4694.T,ビー・エム・エル,216
3001.T,片倉工業,217
5185.T,フコク,218
4927.T,ポーラ・オルビスホールディングス,219
7952.T,河合楽器製作所,220
6902.T,デンソー,221
4439.T,東名,222
9629.T,ピー・シー・エー,223
7277.T,ＴＢＫ,224
1852.T,淺沼組,225
3086.T,Ｊ．フロント　リテイリング,226
7039.T,ブリッジインターナショナルグループ,227
8007.T,高島,228
2602.T,日清オイリオグループ,229
7417.T,南陽,230
3139.T,ラクト・ジャパン,231
2211.T,不二家,232
4301.T,アミューズ,233
3204.T,トーア紡コーポレーション,234
7458.T,第一興商,235
5391.T,エーアンドエーマテリアル,236
8005.T,スクロール,237
3495.T,香陵住販,238
6995.T,東海理化電機製作所,239
9885.T,シャルレ,240
5463.T,丸一鋼管,241
4218.T,ニチバン,242
4540.T,ツムラ,243
8772.T,アサックス,244
5440.T,共英製鋼,245
4559.T,ゼリア新薬工業,246
3050.T,ＤＣＭホールディングス,247
3539.T,ＪＭホールディングス,248
8999.T,グランディハウス,249
8125.T,ワキタ,250
8593.T,三菱ＨＣキャピタル,251
3452.T,ビーロット,252
9065.T,山九,253
2489.T,アドウェイズ,254
3521.T,テルマー湯ホールディングス,255
8150.T,三信電気,256
4221.T,大倉工業,257
3245.T,ディア・ライフ,258
7841.T,遠藤製作所,259
2449.T,プラップジャパン,260
9059.T,カンダホールディングス,261
211A.T,カドス・コーポレーション,262
8864.T,空港施設,263
7444.T,ハリマ共和物産,264
2408.T,ＫＧ情報,265
7709.T,クボテック,266
4768.T,大塚商会,267
5911.T,横河ブリッジホールディングス,268
6165.T,パンチ工業,269
5603.T,虹技,270
4547.T,キッセイ薬品工業,271
8022.T,美津濃,272
8086.T,ニプロ,273
3842.T,ネクストジェン,274
7804.T,ビーアンドピー,275
6379.T,レイズネクスト,276
4629.T,大伸化学,277
9782.T,ディーエムエス,278
8585.T,オリエントコーポレーション,279
5915.T,駒井ハルテック,280
7296.T,エフ・シー・シー,281
3457.T,Ａｎｄ　Ｄｏホールディングス,282
2117.T,ウェルネオシュガー,283
1972.T,三晃金属工業,284
4671.T,ファルコホールディングス,285
3246.T,コーセーアールイー,286
7433.T,伯東,287
3003.T,ヒューリック,288
2676.T,高千穂交易,289
5192.T,三ツ星ベルト,290
5410.T,合同製鐵,291
5411.T,ＪＦＥホールディングス,292
9313.T,丸八倉庫,293
8844.T,コスモスイニシア,294
7981.T,タカラスタンダード,295
6809.T,ＴＯＡ,296
5025.T,マーキュリー,297
5868.T,ロココ,298
9034.T,南総通運,299
4642.T,オリジナル設計,300
7512.T,イオン北海道,301
2593.T,伊藤園,302
7525.T,リックス,303
1770.T,藤田エンジニアリング,304
3431.T,宮地エンジニアリンググループ,305
4611.T,大日本塗料,306
2933.T,紀文食品,307
3201.T,日本毛織,308
8084.T,ＲＹＯＤＥＮ,309
6539.T,ＭＳ－Ｊａｐａｎ,310
2820.T,やまみ,311
5589.T,オートサーバー,312
9310.T,日本トランスシティ,313
2734.T,サーラコーポレーション,314
2209.T,井村屋グループ,315
3636.T,三菱総合研究所,316
3835.T,ｅＢＡＳＥ,317
7628.T,オーハシテクニカ,318
3388.T,明治電機工業,319
3773.T,アドバンスト・メディア,320
5464.T,モリ工業,321
9340.T,アソインターナショナル,322
2666.T,オートウェーブ,323
2112.T,塩水港精糖,324
9729.T,トーカイ,325
7990.T,グローブライド,326
1822.T,大豊建設,327
8117.T,中央自動車工業,328
4202.T,ダイセル,329
6586.T,マキタ,330
9063.T,岡山県貨物運送,331
8079.T,正栄食品工業,332
8051.T,山善,333
9039.T,サカイ引越センター,334
1379.T,ホクト,335
3958.T,笹徳印刷,336
9699.T,ニシオホールディングス,337
9009.T,京成電鉄,338
8214.T,ＡＯＫＩホールディングス,339
7081.T,コーユーレンティア,340
3020.T,アプライド,341
7467.T,萩原電気ホールディングス,342
5108.T,ブリヂストン,343
8917.T,ファースト住建,344
8260.T,井筒屋,345
8904.T,ＡＶＡＮＴＩＡ,346
8570.T,イオンフィナンシャルサービス,347
8860.T,フジ住宅,348
1401.T,エムビーエス,349
3418.T,バルニバービ,350
7769.T,リズム,351
9827.T,リリカラ,352
9247.T,ＴＲＥホールディングス,353
5204.T,石塚硝子,354
4041.T,日本曹達,355
3053.T,ペッパーフードサービス,356
2792.T,ハニーズホールディングス,357
6089.T,ウィルグループ,358
9020.T,東日本旅客鉄道,359
7036.T,イーエムネットジャパン,360
244A.T,グロースエクスパートナーズ,361
8595.T,ジャフコ　グループ,362
4569.T,杏林製薬,363
151A.T,ダイブ,364
7212.T,エフテック,365
7692.T,アースインフィニティ,366
2668.T,タビオ,367
4388.T,エーアイ,368
7291.T,日本プラスト,369
3289.T,東急不動産ホールディングス,370
3422.T,Ｊ－ＭＡＸ,371
9006.T,京浜急行電鉄,372
9997.T,ベルーナ,373
9691.T,両毛システムズ,374
6436.T,アマノ,375
7975.T,リヒトラブ,376
8078.T,阪和興業,377
4840.T,トライアイズ,378
2897.T,日清食品ホールディングス,379
6763.T,帝国通信工業,380
6923.T,スタンレー電気,381
8848.T,レオパレス２１,382
8836.T,ＲＩＳＥ,383
7575.T,日本ライフライン,384
250A.T,シマダヤ,385
2415.T,ヒューマンホールディングス,386
3182.T,オイシックス・ラ・大地,387
3004.T,神栄,388
7447.T,ナガイレーベン,389
6750.T,エレコム,390
3193.T,エターナルホスピタリティグループ,391
6820.T,アイコム,392
7122.T,近畿車輛,393
1898.T,世紀東急工業,394
8075.T,神鋼商事,395
9324.T,安田倉庫,396
7366.T,ＬＩＴＡＬＩＣＯ,397
2266.T,六甲バター,398
7235.T,東京ラヂエーター製造,399
4249.T,森六,400
3475.T,グッドコムアセット,401
2378.T,ルネサンス,402
9416.T,ビジョン,403
7240.T,ＮＯＫ,404
3176.T,三洋貿易,405
7827.T,オービス,406
7264.T,ムロコーポレーション,407
5408.T,中山製鋼所,408
9644.T,タナベコンサルティンググループ,409
7282.T,豊田合成,410
1820.T,西松建設,411
6317.T,北川鉄工所,412
9082.T,大和自動車交通,413
2903.T,シノブフーズ,414
9236.T,ジャパンＭ＆Ａソリューション,415
9511.T,沖縄電力,416
6118.T,アイダエンジニアリング,417
1333.T,マルハニチロ,418
8158.T,ソーダニッカ,419
8591.T,オリックス,420
9726.T,ＫＮＴ－ＣＴホールディングス,421
9005.T,東急,422
5929.T,三和ホールディングス,423
7599.T,ＩＤＯＭ,424
1719.T,安藤・間,425
4376.T,くふうカンパニーホールディングス,426
6947.T,図研,427
6797.T,名古屋電機工業,428
6096.T,レアジョブ,429
3843.T,フリービット,430
6882.T,三社電機製作所,431
3633.T,ＧＭＯペパボ,432
3063.T,ジェイグループホールディングス,433
1808.T,長谷工コーポレーション,434
6557.T,ＡＩＡＩグループ,435
4045.T,東亞合成,436
4725.T,ＣＡＣ　Ｈｏｌｄｉｎｇｓ,437
2669.T,カネ美食品,438
4406.T,新日本理化,439
7475.T,アルビス,440
8060.T,キヤノンマーケティングジャパン,441
3371.T,ソフトクリエイトホールディングス,442
4471.T,三洋化成工業,443
1376.T,カネコ種苗,444
6730.T,アクセル,445
6293.T,日精樹脂工業,446
2215.T,第一屋製パン,447
6287.T,サトー,448
8804.T,東京建物,449
9932.T,杉本商事,450
5991.T,日本発條,451
3911.T,Ａｉｍｉｎｇ,452
3772.T,ウェルス・マネジメント,453
3945.T,スーパーバッグ,454
3608.T,ＴＳＩホールディングス,455
3437.T,特殊電極,456
6340.T,澁谷工業,457
8706.T,極東証券,458
9045.T,京阪ホールディングス,459
7214.T,ＧＭＢ,460
3580.T,小松マテーレ,461
4714.T,リソー教育グループ,462
6333.T,帝国電機製作所,463
6908.T,イリソ電子工業,464
6047.T,Ｇｕｎｏｓｙ,465
6082.T,ライドオンエクスプレスホールディングス,466
7276.T,小糸製作所,467
2932.T,ＳＴＩフードホールディングス,468
7199.T,プレミアグループ,469
2307.T,クロスキャット,470
287A.T,黒田グループ,471
2428.T,ウェルネット,472
9376.T,ユーラシア旅行社,473
4763.T,クリーク・アンド・リバー社,474
4178.T,Ｓｈａｒｉｎｇ　Ｉｎｎｏｖａｔｉｏｎｓ,475
7811.T,中本パックス,476
9831.T,ヤマダホールディングス,477
6823.T,リオン,478
8029.T,ルックホールディングス,479
5992.T,中央発條,480
9936.T,王将フードサービス,481
3998.T,すららネット,482
6178.T,日本郵政,483
9347.T,日本管財ホールディングス,484
7226.T,極東開発工業,485
3484.T,イノベーションホールディングス,486
6412.T,平和,487
9706.T,日本空港ビルデング,488
6899.T,ＡＳＴＩ,489
3861.T,王子ホールディングス,490
9763.T,丸建リース,491
5930.T,文化シヤッター,492
2674.T,ハードオフコーポレーション,493
9248.T,人・夢・技術グループ,494
6915.T,千代田インテグレ,495
2681.T,ゲオホールディングス,496
2730.T,エディオン,497
8023.T,ＤＡＩＫＯ　ＸＴＥＣＨ,498
4494.T,バリオセキュア,499
7211.T,三菱自動車工業,500
8130.T,サンゲツ,501
2479.T,ジェイテック,502
1833.T,奥村組,503
5941.T,中西製作所,504
3123.T,サイボー,505
9381.T,エーアイテイー,506
428A.T,サイプレス・ホールディングス,507
2353.T,日本駐車場開発,508
8151.T,東陽テクニカ,509
4042.T,東ソー,510
6561.T,ＨＡＮＡＴＯＵＲ　ＪＡＰＡＮ,511
5357.T,ヨータイ,512
8254.T,さいか屋,513
9672.T,東京都競馬,514
6486.T,イーグル工業,515
7912.T,大日本印刷,516
9025.T,鴻池運輸,517
9743.T,丹青社,518
7821.T,前田工繊,519
3317.T,フライングガーデン,520
4985.T,アース製薬,521
7246.T,プレス工業,522
9076.T,セイノーホールディングス,523
9223.T,ＡＳＮＯＶＡ,524
4224.T,ロンシール工業,525
4014.T,カラダノート,526
3768.T,リスクモンスター,527
2871.T,ニチレイ,528
9081.T,神奈川中央交通,529
3447.T,信和,530
5938.T,ＬＩＸＩＬ,531
6151.T,日東工器,532
4242.T,タカギセイコー,533
6547.T,グリーンズ,534
5959.T,岡部,535
7780.T,メニコン,536
8841.T,テーオーシー,537
8074.T,ユアサ商事,538
4290.T,プレステージ・インターナショナル,539
4633.T,サカタインクス,540
8887.T,シーラホールディングス,541
9069.T,センコーグループホールディングス,542
2915.T,ケンコーマヨネーズ,543
9204.T,スカイマーク,544
3177.T,ありがとうサービス,545
9619.T,イチネンホールディングス,546
3222.T,ユナイテッド・スーパーマーケット・ホールディングス,547
8795.T,Ｔ＆Ｄホールディングス,548
5852.T,アーレスティ,549
256A.T,飛島ホールディングス,550
6817.T,スミダコーポレーション,551
291A.T,リスキル,552
3933.T,チエル,553
7294.T,ヨロズ,554
9744.T,メイテックグループホールディングス,555
5406.T,神戸製鋼所,556
9305.T,ヤマタネ,557
7203.T,トヨタ自動車,558
6405.T,鈴茂器工,559
4272.T,日本化薬,560
4792.T,山田コンサルティンググループ,561
6418.T,日本金銭機械,562
1994.T,高橋カーテンウォール工業,563
6262.T,ＰＥＧＡＳＵＳ,564
4205.T,日本ゼオン,565
7148.T,ＦＰＧ,566
9414.T,日本ＢＳ放送,567
8065.T,佐藤商事,568
6463.T,ＴＰＲ,569
7561.T,ハークスレイ,570
9368.T,キムラユニティー,571
7844.T,マーベラス,572
8935.T,ＦＪネクストホールディングス,573
6625.T,ＪＡＬＣＯホールディングス,574
2060.T,フィード・ワン,575
7265.T,エイケン工業,576
3435.T,サンコーテクノ,577
7624.T,ＮａＩＴＯ,578
3954.T,昭和パックス,579
2433.T,博報堂ＤＹホールディングス,580
2384.T,ＳＢＳホールディングス,581
8789.T,フィンテック　グローバル,582
9828.T,Ｇｅｎｋｉ　Ｇｌｏｂａｌ　Ｄｉｎｉｎｇ　Ｃｏｎｃｅｐｔｓ,583
7421.T,カッパ・クリエイト,584
2385.T,総医研ホールディングス,585
9127.T,玉井商船,586
7476.T,アズワン,587
8699.T,ＨＳホールディングス,588
9279.T,ギフトホールディングス,589
7241.T,フタバ産業,590
3099.T,三越伊勢丹ホールディングス,591
3558.T,ジェイドグループ,592
3922.T,ＰＲ　ＴＩＭＥＳ,593
3402.T,東レ,594
7059.T,コプロ・ホールディングス,595
7133.T,ＨＹＵＧＡ　ＰＲＩＭＡＲＹ　ＣＡＲＥ,596
8203.T,ＭｒＭａｘＨＤ,597
9755.T,応用地質,598
7085.T,カーブスホールディングス,599
3901.T,マークラインズ,600
7571.T,ヤマノホールディングス,601
4284.T,ソルクシーズ,602
7522.T,ワタミ,603
4635.T,東京インキ,604
9682.T,ＤＴＳ,605
4331.T,テイクアンドギヴ・ニーズ,606
1925.T,大和ハウス工業,607
3569.T,セーレン,608
9948.T,アークス,609
1826.T,佐田建設,610
3985.T,テモナ,611
5232.T,住友大阪セメント,612
7102.T,日本車輌製造,613
3962.T,チェンジホールディングス,614
7222.T,日産車体,615
4709.T,ＩＤホールディングス,616
4595.T,ミズホメディー,617
8037.T,カメイ,618
3648.T,ＡＧＳ,619
6548.T,旅工房,620
9532.T,大阪瓦斯,621
1786.T,オリエンタル白石,622
9446.T,サカイホールディングス,623
3028.T,アルペン,624
7266.T,今仙電機製作所,625
6058.T,ベクトル,626
4673.T,川崎地質,627
7172.T,ジャパンインベストメントアドバイザー,628
2332.T,クエスト,629
8897.T,ＭＩＲＡＲＴＨホールディングス,630
4361.T,川口化学工業,631
7187.T,ジェイリース,632
4719.T,アルファシステムズ,633
9746.T,ＴＫＣ,634
423A.T,ライオン事務器,635
2705.T,大戸屋ホールディングス,636
7927.T,ムトー精工,637
5819.T,カナレ電気,638
8410.T,セブン銀行,639
7482.T,シモジマ,640
2587.T,サントリー食品インターナショナル,641
5902.T,ホッカンホールディングス,642
7988.T,ニフコ,643
8616.T,東海東京フィナンシャル・ホールディングス,644
9960.T,東テク,645
2984.T,ヤマイチエステート,646
9424.T,日本通信,647
8217.T,オークワ,648
8869.T,明和地所,649
4674.T,クレスコ,650
6523.T,ＰＨＣホールディングス,651
4220.T,リケンテクノス,652
8159.T,立花エレテック,653
2809.T,キユーピー,654
7272.T,ヤマハ発動機,655
8097.T,三愛オブリ,656
7994.T,オカムラ,657
5989.T,エイチワン,658
8179.T,ロイヤルホールディングス,659
3491.T,ＧＡ　ｔｅｃｈｎｏｌｏｇｉｅｓ,660
5891.T,魁力屋,661
3817.T,ＳＲＡホールディングス,662
6807.T,日本航空電子工業,663
9872.T,北恵,664
4452.T,花王,665
1870.T,矢作建設工業,666
3242.T,アーバネットコーポレーション,667
1450.T,ＴＡＮＡＫＥＮ,668
4848.T,フルキャストホールディングス,669
3657.T,ポールトゥウィンホールディングス,670
8014.T,蝶理,671
8011.T,三陽商会,672
7231.T,トピー工業,673
5644.T,メタルアート,674
3179.T,シュッピン,675
8601.T,大和証券グループ本社,676
3837.T,アドソル日進,677
6859.T,エスペック,678
7537.T,丸文,679
2695.T,くら寿司,680
7442.T,中山福,681
6971.T,京セラ,682
9558.T,ジャパニアス,683
1866.T,北野建設,684
3360.T,シップヘルスケアホールディングス,685
4875.T,メディシノバ・インク,686
2918.T,わらべや日洋ホールディングス,687
1930.T,北陸電気工事,688
5351.T,品川リフラ,689
7871.T,フクビ化学工業,690
9301.T,三菱倉庫,691
5901.T,東洋製罐グループホールディングス,692
6309.T,巴工業,693
3093.T,トレジャー・ファクトリー,694
5660.T,神鋼鋼線工業,695
4120.T,スガイ化学工業,696
3708.T,特種東海製紙,697
5632.T,三菱製鋼,698
2281.T,プリマハム,699
2477.T,手間いらず,700
4116.T,大日精化工業,701
6565.T,ＡＢホテル,702
3566.T,ユニフォームネクスト,703
7372.T,デコルテ・ホールディングス,704
372A.T,レント,705
5011.T,ニチレキグループ,706
6149.T,小田原エンジニアリング,707
6182.T,メタリアル,708
4820.T,イーエムシステムズ,709
441A.T,ＮＥ,710
9325.T,ファイズホールディングス,711
8093.T,極東貿易,712
6224.T,ＪＲＣ,713
6339.T,新東工業,714
7414.T,小野建,715
4977.T,新田ゼラチン,716
8275.T,フォーバル,717
4260.T,ハイブリッドテクノロジーズ,718
9332.T,ＮＩＳＳＯホールディングス,719
3045.T,カワサキ,720
9928.T,ミロク情報サービス,721
3591.T,ワコールホールディングス,722
2485.T,ティア,723
7050.T,フロンティアインターナショナル,724
7823.T,アートネイチャー,725
8154.T,加賀電子,726
5269.T,日本コンクリート工業,727
7898.T,ウッドワン,728
8349.T,東北銀行,729
4246.T,ダイキョーニシカワ,730
6104.T,芝浦機械,731
9658.T,ビジネスブレイン太田昭和,732
6036.T,ＫｅｅＰｅｒ技研,733
4936.T,アクシージア,734
4092.T,日本化学工業,735
386A.T,みのや,736
6588.T,東芝テック,737
8018.T,三共生興,738
1888.T,若築建設,739
7570.T,橋本総業ホールディングス,740
6918.T,アバールデータ,741
7095.T,Ｍａｃｂｅｅ　Ｐｌａｎｅｔ,742
3939.T,カナミックネットワーク,743
197A.T,タウンズ,744
5480.T,日本冶金工業,745
9160.T,ノバレーゼ,746
9616.T,共立メンテナンス,747
2440.T,ぐるなび,748
6533.T,Ｏｒｃｈｅｓｔｒａ　Ｈｏｌｄｉｎｇｓ,749
8020.T,兼松,750
8729.T,ソニーフィナンシャルグループ,751
7202.T,いすゞ自動車,752
8604.T,野村ホールディングス,753
2462.T,ライク,754
6086.T,シンメンテホールディングス,755
3934.T,ベネフィットジャパン,756
6724.T,セイコーエプソン,757
4370.T,モビルス,758
3844.T,コムチュア,759
9265.T,ヤマシタヘルスケアホールディングス,760
5851.T,リョービ,761
4531.T,有機合成薬品工業,762
7066.T,ピアズ,763
2127.T,日本Ｍ＆Ａセンターホールディングス,764
7723.T,愛知時計電機,765
9795.T,ステップ,766
6185.T,ＳＭＮ,767
3611.T,マツオカコーポレーション,768
4707.T,キタック,769
7991.T,マミヤ・オーピー,770
6517.T,デンヨー,771
3116.T,トヨタ紡織,772
6543.T,日宣,773
3302.T,帝国繊維,774
9048.T,名古屋鉄道,775
3407.T,旭化成,776
3010.T,ポラリス・ホールディングス,777
5602.T,栗本鐵工所,778
9902.T,日伝,779
3401.T,帝人,780
3547.T,串カツ田中ホールディングス,781
9740.T,セントラル警備保障,782
6171.T,土木管理総合試験所,783
2108.T,日本甜菜製糖,784
5031.T,モイ,785
3937.T,Ｕｂｉｃｏｍホールディングス,786
7520.T,エコス,787
8931.T,和田興産,788
274A.T,ガーデン,789
1717.T,明豊ファシリティワークス,790
7283.T,愛三工業,791
4838.T,スペースシャワーＳＫＩＹＡＫＩホールディングス,792
3771.T,システムリサーチ,793
9769.T,学究社,794
2267.T,ヤクルト本社,795
5975.T,東プレ,796
3679.T,じげん,797
6245.T,ヒラノテクシード,798
5186.T,ニッタ,799
2410.T,キャリアデザインセンター,800
2499.T,日本和装ホールディングス,801
6658.T,シライ電子工業,802
7021.T,ニッチツ,803
2935.T,ピックルスホールディングス,804
9837.T,モリト,805
7459.T,メディパルホールディングス,806
8035.T,東京エレクトロン,807
2982.T,ＡＤワークスグループ,808
2193.T,クックパッド,809
9142.T,九州旅客鉄道,810
4114.T,日本触媒,811
7177.T,ＧＭＯフィナンシャルホールディングス,812
5248.T,テクノロジーズ,813
9799.T,旭情報サービス,814
1827.T,ナカノフドー建設,815
3910.T,エムケイシステム,816
7326.T,ＳＢＩインシュアランスグループ,817
6420.T,ガリレイ,818
4767.T,テー・オー・ダブリュー,819
208A.T,構造計画研究所ホールディングス,820
4665.T,ダスキン,821
8255.T,アクシアル　リテイリング,822
6473.T,ジェイテクト,823
8127.T,ヤマトインターナショナル,824
1976.T,明星工業,825
3069.T,ＪＦＬＡホールディングス,826
2934.T,ジェイフロンティア,827
7247.T,ミクニ,828
4568.T,第一三共,829
2908.T,フジッコ,830
6552.T,ＧａｍｅＷｉｔｈ,831
8103.T,明和産業,832
7419.T,ノジマ,833
7242.T,カヤバ,834
1964.T,中外炉工業,835
6279.T,瑞光,836
9158.T,シーユーシー,837
6367.T,ダイキン工業,838
7722.T,国際計測器,839
7956.T,ピジョン,840
6954.T,ファナック,841
2436.T,共同ピーアール,842
5302.T,日本カーボン,843
6395.T,タダノ,844
9850.T,グルメ杵屋,845
4310.T,ドリームインキュベータ,846
3778.T,さくらインターネット,847
4628.T,エスケー化研,848
7839.T,ＳＨＯＥＩ,849
6849.T,日本光電工業,850
7606.T,ユナイテッドアローズ,851
8098.T,稲畑産業,852
2229.T,カルビー,853
7182.T,ゆうちょ銀行,854
3680.T,ホットリンク,855
5982.T,マルゼン,856
3758.T,アエリア,857
2201.T,森永製菓,858
8276.T,平和堂,859
7984.T,コクヨ,860
4783.T,ＮＣＤ,861
4231.T,タイガースポリマー,862
1975.T,朝日工業社,863
1897.T,金下建設,864
1429.T,日本アクア,865
2790.T,ナフコ,866
3929.T,ソーシャルワイヤー,867
7065.T,ユーピーアール,868
2531.T,宝ホールディングス,869
3153.T,八洲電機,870
2163.T,アルトナー,871
9418.T,Ｕ－ＮＥＸＴ　ＨＯＬＤＩＮＧＳ,872
6707.T,サンケン電気,873
3439.T,三ツ知,874
4318.T,クイック,875
6428.T,オーイズミ,876
2461.T,ファンコミュニケーションズ,877
3199.T,綿半ホールディングス,878
3197.T,すかいらーくホールディングス,879
8304.T,あおぞら銀行,880
4662.T,フォーカスシステムズ,881
4362.T,日本精化,882
6218.T,エンシュウ,883
1941.T,中電工,884
4736.T,日本ラッド,885
6246.T,テクノスマート,886
5233.T,太平洋セメント,887
2291.T,福留ハム,888
4410.T,ハリマ化成グループ,889
4956.T,コニシ,890
7613.T,シークス,891
2270.T,雪印メグミルク,892
2936.T,ベースフード,893
7752.T,リコー,894
2981.T,ランディックス,895
1887.T,日本国土開発,896
7261.T,マツダ,897
9003.T,相鉄ホールディングス,898
9052.T,山陽電気鉄道,899
2162.T,ｎｍｓ　ホールディングス,900
7689.T,コパ・コーポレーション,901
8383.T,鳥取銀行,902
7370.T,Ｅｎｊｉｎ,903
5659.T,日本精線,904
5903.T,シンポ,905
6677.T,エスケーエレクトロニクス,906
2009.T,鳥越製粉,907
3395.T,サンマルクホールディングス,908
9536.T,西部ガスホールディングス,909
2335.T,キューブシステム,910
8737.T,あかつき本社,911
8908.T,毎日コムネット,912
7942.T,ＪＳＰ,913
8742.T,小林洋行,914
5576.T,オービーシステム,915
3024.T,クリエイト,916
2418.T,ツカダ・グローバルホールディング,917
4484.T,ランサーズ,918
9147.T,ＮＩＰＰＯＮ　ＥＸＰＲＥＳＳホールディングス,919
7554.T,幸楽苑,920
5199.T,不二ラテックス,921
6785.T,鈴木,922
6485.T,前澤給装工業,923
6210.T,ＴＯＹＯイノベックス,924
7205.T,日野自動車,925
6364.T,ＡＩＲＭＡＮ,926
4519.T,中外製薬,927
7545.T,西松屋チェーン,928
7269.T,スズキ,929
1418.T,インターライフホールディングス,930
6727.T,ワコム,931
4972.T,綜研化学,932
7480.T,スズデン,933
6964.T,サンコー,934
4503.T,アステラス製薬,935
1773.T,ワイ・ティー・エル・コーポレーション・バーハッド,936
4496.T,コマースＯｎｅホールディングス,937
7347.T,マーキュリアホールディングス,938
2344.T,平安レイサービス,939
3834.T,朝日ネット,940
3529.T,アツギ,941
4206.T,アイカ工業,942
1813.T,不動テトラ,943
6222.T,島精機製作所,944
2815.T,アリアケジャパン,945
6332.T,月島ホールディングス,946
9312.T,ケイヒン,947
2805.T,ヱスビー食品,948
5445.T,東京鐵鋼,949
7273.T,イクヨ,950
2910.T,ロック・フィールド,951
2471.T,エスプール,952
9753.T,アイエックス・ナレッジ,953
6612.T,バルミューダ,954
5984.T,兼房,955
2130.T,メンバーズ,956
9404.T,日本テレビホールディングス,957
7181.T,かんぽ生命保険,958
2185.T,シイエム・シイ,959
1867.T,植木組,960
4189.T,ＫＨネオケム,961
2379.T,ディップ,962
9201.T,日本航空,963
7812.T,クレステック,964
8628.T,松井証券,965
4403.T,日油,966
6863.T,ニレコ,967
7916.T,光村印刷,968
3551.T,ダイニック,969
7292.T,村上開明堂,970
1871.T,ピーエス・コンストラクション,971
8008.T,ヨンドシーホールディングス,972
2158.T,ＦＲＯＮＴＥＯ,973
3559.T,ピーバンドットコム,974
2698.T,キャンドゥ,975
6230.T,ＳＡＮＥＩ,976
8157.T,都築電気,977
5244.T,ｊｉｇ．ｊｐ,978
5184.T,ニチリン,979
9904.T,ベリテ,980
7932.T,ニッピ,981
8053.T,住友商事,982
7150.T,島根銀行,983
4183.T,三井化学,984
2445.T,タカミヤ,985
2152.T,幼児活動研究会,986
9632.T,スバル興業,987
4544.T,Ｈ．Ｕ．グループホールディングス,988
3788.T,ＧＭＯグローバルサイン・ホールディングス,989
9768.T,いであ,990
4203.T,住友ベークライト,991
2136.T,ヒップ,992
1332.T,ニッスイ,993
4928.T,ノエビアホールディングス,994
4521.T,科研製薬,995
6237.T,イワキポンプ,996
9934.T,因幡電機産業,997
4046.T,大阪ソーダ,998
3943.T,大石産業,999
3686.T,ディー・エル・イー,1000
5285.T,ヤマックス,1001
6804.T,ホシデン,1002
4552.T,ＪＣＲファーマ,1003
4324.T,電通グループ,1004
9351.T,東洋埠頭,1005
7997.T,くろがね工作所,1006
3489.T,フェイスネットワーク,1007
6728.T,アルバック,1008
6455.T,モリタホールディングス,1009
4718.T,早稲田アカデミー,1010
4634.T,ａｒｔｉｅｎｃｅ,1011
6927.T,ヘリオス　テクノ　ホールディング,1012
6037.T,楽待,1013
5201.T,ＡＧＣ,1014
3675.T,クロス・マーケティンググループ,1015
4396.T,システムサポートホールディングス,1016
6430.T,ダイコク電機,1017
5940.T,不二サッシ,1018
4308.T,Ｊストリーム,1019
4386.T,ＳＩＧグループ,1020
8153.T,モスフードサービス,1021
6867.T,リーダー電子,1022
6888.T,アクモス,1023
5967.T,ＴＯＮＥ,1024
2750.T,石光商事,1025
9044.T,南海電気鉄道,1026
7944.T,ローランド,1027
7701.T,島津製作所,1028
7782.T,シンシア,1029
6337.T,テセック,1030
8750.T,第一生命ホールディングス,1031
6370.T,栗田工業,1032
7112.T,キューブ,1033
8802.T,三菱地所,1034
8138.T,三京化成,1035
160A.T,アズパートナーズ,1036
3864.T,三菱製紙,1037
6417.T,ＳＡＮＫＹＯ,1038
5482.T,愛知製鋼,1039
3333.T,あさひ,1040
8032.T,日本紙パルプ商事,1041
9345.T,ビズメイツ,1042
3498.T,霞ヶ関キャピタル,1043
9322.T,川西倉庫,1044
6571.T,キュービーネットホールディングス,1045
1909.T,日本ドライケミカル,1046
4356.T,応用技術,1047
8133.T,伊藤忠エネクス,1048
3639.T,ボルテージ,1049
1951.T,エクシオグループ,1050
3433.T,トーカロ,1051
5757.T,ＣＫサンエツ,1052
4743.T,アイティフォー,1053
3092.T,ＺＯＺＯ,1054
6184.T,鎌倉新書,1055
7111.T,ＩＮＥＳＴ,1056
4681.T,リゾートトラスト,1057
5187.T,クリエートメディック,1058
2804.T,ブルドックソース,1059
3983.T,オロ,1060
4657.T,環境管理センター,1061
2721.T,ジェイホールディングス,1062
7851.T,カワセコンピュータサプライ,1063
2114.T,フジ日本,1064
6498.T,キッツ,1065
2183.T,リニカル,1066
7951.T,ヤマハ,1067
3858.T,ユビキタスＡＩ,1068
8316.T,三井住友フィナンシャルグループ,1069
5401.T,日本製鉄,1070
3277.T,サンセイランディック,1071
9759.T,ＮＳＤ,1072
2488.T,ＪＴＰ,1073
8152.T,ソマール,1074
8194.T,ライフコーポレーション,1075
7466.T,ＳＰＫ,1076
4430.T,東海ソフト,1077
7965.T,象印マホービン,1078
2789.T,カルラ,1079
6209.T,リケンＮＰＲ,1080
7955.T,クリナップ,1081
3548.T,バロックジャパンリミテッド,1082
1812.T,鹿島建設,1083
3645.T,メディカルネット,1084
6103.T,オークマ,1085
7198.T,ＳＢＩアルヒ,1086
7921.T,ＴＡＫＡＲＡ　＆　ＣＯＭＰＡＮＹ,1087
8252.T,丸井グループ,1088
6277.T,ホソカワミクロン,1089
4238.T,ミライアル,1090
3947.T,ダイナパック,1091
7079.T,ＷＤＢココ,1092
5527.T,ｐｒｏｐｅｒｔｙ　ｔｅｃｈｎｏｌｏｇｉｅｓ,1093
3393.T,スターティアホールディングス,1094
3276.T,ＪＰＭＣ,1095
8747.T,豊トラスティ証券,1096
6136.T,オーエスジー,1097
6071.T,ＩＢＪ,1098
3662.T,エイチームホールディングス,1099
6794.T,フォスター電機,1100
9663.T,ナガワ,1101
3480.T,ジェイ・エス・ビー,1102
6228.T,ジェイ・イー・ティ,1103
4023.T,クレハ,1104
3174.T,ハピネス・アンド・ディ,1105
3496.T,アズーム,1106
9692.T,シーイーシー,1107
2429.T,ワールドホールディングス,1108
1914.T,日本基礎技術,1109
9733.T,ナガセ,1110
7094.T,ＮｅｘＴｏｎｅ,1111
4661.T,オリエンタルランド,1112
3766.T,システムズ・デザイン,1113
6853.T,共和電業,1114
1921.T,巴コーポレーション,1115
8424.T,芙蓉総合リース,1116
5971.T,共和工業所,1117
166A.T,タスキホールディングス,1118
3494.T,マリオン,1119
9409.T,テレビ朝日ホールディングス,1120
7649.T,スギホールディングス,1121
9064.T,ヤマトホールディングス,1122
2801.T,キッコーマン,1123
7590.T,タカショー,1124
6445.T,ジャノメ,1125
5965.T,フジマック,1126
3080.T,ジェーソン,1127
6630.T,ヤーマン,1128
9434.T,ソフトバンク,1129
4951.T,エステー,1130
4668.T,明光ネットワークジャパン,1131
365A.T,伊澤タオル,1132
4667.T,アイサンテクノロジー,1133
8119.T,三栄コーポレーション,1134
9423.T,フォーバル・リアルストレート,1135
5280.T,ヨシコン,1136
2181.T,パーソルホールディングス,1137
9413.T,テレビ東京ホールディングス,1138
6326.T,クボタ,1139
2685.T,アンドエスティＨＤ,1140
3950.T,ザ・パック,1141
9031.T,西日本鉄道,1142
4060.T,ｒａｋｕｍｏ,1143
1417.T,ミライト・ワン,1144
7510.T,たけびし,1145
4625.T,アトミクス,1146
9534.T,北海道瓦斯,1147
4829.T,日本エンタープライズ,1148
8697.T,日本取引所グループ,1149
1938.T,日本リーテック,1150
6448.T,ブラザー工業,1151
7191.T,イントラスト,1152
4901.T,富士フイルムホールディングス,1153
6156.T,エーワン精密,1154
2874.T,横浜冷凍,1155
3148.T,クリエイトＳＤホールディングス,1156
8173.T,上新電機,1157
8766.T,東京海上ホールディングス,1158
6578.T,コレックホールディングス,1159
7071.T,アンビスホールディングス,1160
2590.T,ダイドーグループホールディングス,1161
7367.T,セルム,1162
6651.T,日東工業,1163
9364.T,上組,1164
4998.T,フマキラー,1165
3443.T,川田テクノロジーズ,1166
4054.T,日本情報クリエイト,1167
367A.T,プリモグローバルホールディングス,1168
6626.T,ＳＥＭＩＴＥＣ,1169
6088.T,シグマクシス・ホールディングス,1170
6748.T,星和電機,1171
3440.T,日創グループ,1172
4666.T,パーク２４,1173
9896.T,ＪＫホールディングス,1174
8892.T,エスコン,1175
7550.T,ゼンショーホールディングス,1176
3106.T,倉敷紡績,1177
3984.T,ユーザーローカル,1178
5446.T,北越メタル,1179
3306.T,日本製麻,1180
9790.T,福井コンピュータホールディングス,1181
9470.T,学研ホールディングス,1182
6875.T,メガチップス,1183
3299.T,ムゲンエステート,1184
1716.T,第一カッター興業,1185
3042.T,セキュアヴェイル,1186
8040.T,東京ソワール,1187
3925.T,ダブルスタンダード,1188
2778.T,パレモ・ホールディングス,1189
8025.T,ツカモトコーポレーション,1190
8059.T,第一実業,1191
5284.T,ヤマウホールディングス,1192
6645.T,オムロン,1193
9994.T,やまや,1194
2217.T,モロゾフ,1195
2927.T,ＡＦＣ－ＨＤアムスライフサイエンス,1196
8707.T,岩井コスモホールディングス,1197
8061.T,西華産業,1198
4167.T,ココペリ,1199
8163.T,ＳＲＳホールディングス,1200
8278.T,フジ,1201
4188.T,三菱ケミカルグループ,1202
6199.T,セラク,1203
5843.T,ニッポンインシュア,1204
2124.T,ジェイエイシーリクルートメント,1205
9072.T,ニッコンホールディングス,1206
3421.T,稲葉製作所,1207
7931.T,未来工業,1208
4444.T,インフォネット,1209
6988.T,日東電工,1210
9435.T,光通信,1211
7970.T,信越ポリマー,1212
7578.T,ニチリョク,1213
5906.T,エムケー精工,1214
3046.T,ジンズホールディングス,1215
2811.T,カゴメ,1216
6200.T,インソース,1217
5129.T,ＦＩＸＥＲ,1218
3132.T,マクニカホールディングス,1219
145A.T,Ｌ　ｉｓ　Ｂ,1220
7860.T,エイベックス,1221
6471.T,日本精工,1222
147A.T,ソラコム,1223
3087.T,ドトール・日レスホールディングス,1224
3744.T,サイオス,1225
2501.T,サッポロホールディングス,1226
7254.T,ユニバンス,1227
6247.T,日阪製作所,1228
192A.T,インテグループ,1229
1720.T,東急建設,1230
4886.T,あすか製薬ホールディングス,1231
4427.T,ＥｄｕＬａｂ,1232
7134.T,アップガレージグループ,1233
4424.T,Ａｍａｚｉａ,1234
2749.T,ＪＰホールディングス,1235
4097.T,高圧ガス工業,1236
3924.T,ランドコンピュータ,1237
8167.T,リテールパートナーズ,1238
3524.T,日東製網,1239
6563.T,みらいワークス,1240
4345.T,シーティーエス,1241
9603.T,エイチ・アイ・エス,1242
2892.T,日本食品化工,1243
4931.T,新日本製薬,1244
2438.T,アスカネット,1245
8273.T,イズミ,1246
7185.T,ヒロセ通商,1247
7608.T,エスケイジャパン,1248
5301.T,東海カーボン,1249
9722.T,藤田観光,1250
9110.T,ＮＳユナイテッド海運,1251
2687.T,シー・ヴイ・エス・ベイエリア,1252
3151.T,バイタルケーエスケー・ホールディングス,1253
9647.T,協和コンサルタンツ,1254
2791.T,大黒天物産,1255
9974.T,ベルク,1256
3195.T,ジェネレーションパス,1257
3996.T,サインポスト,1258
4437.T,ｇｏｏｄｄａｙｓホールディングス,1259
3011.T,バナーズ,1260
2411.T,ゲンダイエージェンシー,1261
7259.T,アイシン,1262
5616.T,雨風太陽,1263
6432.T,竹内製作所,1264
3712.T,情報企画,1265
4043.T,トクヤマ,1266
7443.T,横浜魚類,1267
9857.T,英和,1268
4574.T,大幸薬品,1269
7609.T,ダイトロン,1270
3623.T,ビリングシステム,1271
3988.T,ＳＹＳホールディングス,1272
4583.T,カイオム・バイオサイエンス,1273
4398.T,ブロードバンドセキュリティ,1274
3075.T,銚子丸,1275
4008.T,住友精化,1276
3105.T,日清紡ホールディングス,1277
6741.T,日本信号,1278
9767.T,日建工学,1279
2654.T,アスモ,1280
1928.T,積水ハウス,1281
9216.T,ビーウィズ,1282
7244.T,市光工業,1283
2991.T,ランドネット,1284
3434.T,アルファＣｏ,1285
8283.T,ＰＡＬＴＡＣ,1286
7164.T,全国保証,1287
9246.T,プロジェクトホールディングス,1288
6472.T,ＮＴＮ,1289
3682.T,エンカレッジ・テクノロジ,1290
2652.T,まんだらけ,1291
8174.T,日本瓦斯,1292
3892.T,岡山製紙,1293
8309.T,三井住友トラストグループ,1294
9702.T,アイ・エス・ビー,1295
9990.T,サックスバー　ホールディングス,1296
9075.T,福山通運,1297
3931.T,バリューゴルフ,1298
3690.T,イルグルム,1299
3089.T,テクノアルファ,1300
7135.T,ジャパンクラフトホールディングス,1301
6810.T,マクセル,1302
6257.T,藤商事,1303
6183.T,ベルシステム２４ホールディングス,1304
9843.T,ニトリホールディングス,1305
2327.T,日鉄ソリューションズ,1306
2497.T,ユナイテッド,1307
8783.T,ａｂｃ,1308
4073.T,ジィ・シィ企画,1309
2975.T,スター・マイカ・ホールディングス,1310
5208.T,有沢製作所,1311
9145.T,ビーイングホールディングス,1312
1878.T,大東建託,1313
4502.T,武田薬品工業,1314
7371.T,Ｚｅｎｋｅｎ,1315
7422.T,東邦レマック,1316
8871.T,ゴールドクレスト,1317
6905.T,コーセル,1318
1381.T,アクシーズ,1319
7864.T,フジシールインターナショナル,1320
4679.T,田谷,1321
2002.T,日清製粉グループ本社,1322
7850.T,総合商研,1323
6137.T,小池酸素工業,1324
7427.T,エコートレーディング,1325
4658.T,日本空調サービス,1326
4746.T,東計電算,1327
9955.T,ヨンキュウ,1328
9173.T,東海汽船,1329
7637.T,白銅,1330
2533.T,オエノンホールディングス,1331
7351.T,グッドパッチ,1332
3241.T,ウィル,1333
6474.T,不二越,1334
3941.T,レンゴー,1335
4839.T,ＷＯＷＯＷ,1336
4061.T,デンカ,1337
6837.T,京写,1338
2432.T,ディー・エヌ・エー,1339
8927.T,明豊エンタープライズ,1340
7552.T,ハピネット,1341
3727.T,アプリックス,1342
8518.T,日本アジア投資,1343
1905.T,テノックス,1344
4845.T,スカラ,1345
7374.T,コンフィデンス・インターワークス,1346
9251.T,ＡＢ＆Ｃｏｍｐａｎｙ,1347
4343.T,イオンファンタジー,1348
2694.T,焼肉坂井ホールディングス,1349
4689.T,ＬＩＮＥヤフー,1350
335A.T,ミライロ,1351
5105.T,ＴＯＹＯ　ＴＩＲＥ,1352
9366.T,サンリツ,1353
3625.T,テックファームホールディングス,1354
5942.T,日本フイルコン,1355
6615.T,ユー・エム・シー・エレクトロニクス,1356
6798.T,ＳＭＫ,1357
3793.T,ドリコム,1358
2121.T,ＭＩＸＩ,1359
3969.T,エイトレッド,1360
8111.T,ゴールドウイン,1361
7740.T,タムロン,1362
4012.T,アクシス,1363
288A.T,ラクサス・テクノロジーズ,1364
4577.T,ダイト,1365
1718.T,美樹工業,1366
4323.T,日本システム技術,1367
3034.T,クオールホールディングス,1368
7937.T,ツツミ,1369
9845.T,パーカーコーポレーション,1370
4650.T,ＳＤエンターテイメント,1371
6932.T,遠藤照明,1372
5947.T,リンナイ,1373
7513.T,コジマ,1374
4177.T,ｉ‐ｐｌｕｇ,1375
7795.T,ＫＹＯＲＩＴＳＵ,1376
3733.T,ソフトウェア・サービス,1377
2459.T,アウンコンサルティング,1378
4554.T,富士製薬工業,1379
6479.T,ミネベアミツミ,1380
3668.T,コロプラ,1381
8803.T,平和不動産,1382
9433.T,ＫＤＤＩ,1383
6249.T,ゲームカードホールディングス,1384
332A.T,ミーク,1385
4887.T,サワイグループホールディングス,1386
6654.T,不二電機工業,1387
9989.T,サンドラッグ,1388
8891.T,ＡＭＧホールディングス,1389
8928.T,穴吹興産,1390
7966.T,リンテック,1391
9627.T,アインホールディングス,1392
8698.T,マネックスグループ,1393
3940.T,ノムラシステムコーポレーション,1394
4166.T,かっこ,1395
7038.T,フロンティア・マネジメント,1396
4369.T,トリケミカル研究所,1397
4641.T,アルプス技研,1398
3678.T,メディアドゥ,1399
255A.T,ジーエルテクノホールディングス,1400
4491.T,コンピューターマネージメント,1401
368A.T,北里コーポレーション,1402
6038.T,イード,1403
5922.T,那須電機鉄工,1404
9991.T,ジェコス,1405
1382.T,ホーブ,1406
8798.T,アドバンスクリエイト,1407
6083.T,ＥＲＩホールディングス,1408
4072.T,電算システムホールディングス,1409
7359.T,東京通信グループ,1410
6925.T,ウシオ電機,1411
2001.T,ニップン,1412
8920.T,東祥,1413
4248.T,竹本容器,1414
3031.T,ラクーンホールディングス,1415
7049.T,識学,1416
3676.T,デジタルハーツホールディングス,1417
4826.T,ＣＩＪ,1418
7228.T,デイトナ,1419
9193.T,東京汽船,1420
6276.T,シリウスビジョン,1421
6743.T,大同信号,1422
2722.T,ＩＫホールディングス,1423
2325.T,ＮＪＳ,1424
9908.T,日本電計,1425
4538.T,扶桑薬品工業,1426
6316.T,丸山製作所,1427
9331.T,キャスター,1428
9869.T,加藤産業,1429
1960.T,サンテック,1430
5932.T,三協立山,1431
7464.T,セフテック,1432
9244.T,デジタリフト,1433
8830.T,住友不動産,1434
2157.T,コシダカホールディングス,1435
1723.T,日本電技,1436
3815.T,メディア工房,1437
3967.T,エルテス,1438
4017.T,クリーマ,1439
9303.T,住友倉庫,1440
7953.T,菊水化学工業,1441
4367.T,広栄化学,1442
6078.T,バリューＨＲ,1443
7744.T,ノーリツ鋼機,1444
9701.T,東京會舘,1445
4350.T,メディカルシステムネットワーク,1446
4421.T,ディ・アイ・システム,1447
7078.T,ＩＮＣＬＵＳＩＶＥ　Ｈｏｌｄｉｎｇｓ,1448
2938.T,オカムラ食品工業,1449
9539.T,京葉瓦斯,1450
7060.T,ギークス,1451
9168.T,ライズ・コンサルティング・グループ,1452
1766.T,東建コーポレーション,1453
7068.T,フィードフォースグループ,1454
2481.T,タウンニュース社,1455
1762.T,高松コンストラクショングループ,1456
5254.T,Ａｒｅｎｔ,1457
7527.T,システムソフト,1458
4428.T,シノプス,1459
417A.T,ブルーゾーンホールディングス,1460
6357.T,三精テクノロジーズ,1461
4896.T,ケイファーマ,1462
9090.T,ＡＺ－ＣＯＭ丸和ホールディングス,1463
4176.T,ココナラ,1464
9956.T,バローホールディングス,1465
4392.T,ＦＩＧ,1466
6675.T,サクサ,1467
4691.T,ワシントンホテル,1468
6664.T,オプトエレクトロニクス,1469
8929.T,青山財産ネットワークス,1470
3917.T,アイリッジ,1471
5288.T,アジアパイルホールディングス,1472
3538.T,ウイルプラスホールディングス,1473
2491.T,バリューコマース,1474
7192.T,日本モーゲージサービス,1475
7745.T,Ａ＆Ｄホロンホールディングス,1476
6273.T,ＳＭＣ,1477
9543.T,静岡ガス,1478
4044.T,セントラル硝子,1479
1860.T,戸田建設,1480
5845.T,全保連,1481
3694.T,オプティム,1482
3896.T,阿波製紙,1483
6302.T,住友重機械工業,1484
5331.T,ノリタケ,1485
6490.T,ＰＩＬＬＡＲ,1486
5110.T,住友ゴム工業,1487
3076.T,あい　ホールディングス,1488
6458.T,新晃工業,1489
4447.T,ピー・ビーシステムズ,1490
7564.T,ワークマン,1491
7072.T,インティメート・マージャー,1492
2653.T,イオン九州,1493
3183.T,ウイン・パートナーズ,1494
4375.T,セーフィー,1495
8563.T,大東銀行,1496
4477.T,ＢＡＳＥ,1497
7638.T,ＮＥＷ　ＡＲＴ　ＨＯＬＤＩＮＧＳ,1498
4617.T,中国塗料,1499
3196.T,ホットランドホールディングス,1500
9021.T,西日本旅客鉄道,1501
5542.T,新報国マテリアル,1502
4112.T,保土谷化学工業,1503
8515.T,アイフル,1504
6361.T,荏原製作所,1505
7040.T,サン・ライフホールディング,1506
6577.T,ベストワンドットコム,1507
7793.T,イメージ・マジック,1508
9621.T,建設技術研究所,1509
9715.T,トランス・コスモス,1510
3288.T,オープンハウスグループ,1511
2220.T,亀田製菓,1512
2579.T,コカ・コーラ　ボトラーズジャパンホールディングス,1513
3719.T,ＡＩストーム,1514
3854.T,アイル,1515
5834.T,ＳＢＩリーシングサービス,1516
3023.T,ラサ商事,1517
8057.T,内田洋行,1518
2763.T,エフティグループ,1519
3670.T,協立情報通信,1520
3374.T,内外テック,1521
8041.T,ＯＵＧホールディングス,1522
4436.T,ミンカブ・ジ・インフォノイド,1523
7992.T,セーラー万年筆,1524
7167.T,めぶきフィナンシャルグループ,1525
5021.T,コスモエネルギーホールディングス,1526
7734.T,理研計器,1527
3082.T,きちりホールディングス,1528
3423.T,エスイー,1529
6897.T,ツインバード,1530
6518.T,三相電機,1531
3097.T,物語コーポレーション,1532
7075.T,ＱＬＳホールディングス,1533
5121.T,藤倉コンポジット,1534
3936.T,グローバルウェイ,1535
2670.T,エービーシー・マート,1536
4937.T,Ｗａｑｏｏ,1537
9308.T,乾汽船,1538
7270.T,ＳＵＢＡＲＵ,1539
4771.T,エフアンドエム,1540
7120.T,ＳＨＩＮＫＯ,1541
3377.T,バイク王＆カンパニー,1542
1835.T,東鉄工業,1543
9978.T,文教堂グループホールディングス,1544
8614.T,東洋証券,1545
4548.T,生化学工業,1546
9041.T,近鉄グループホールディングス,1547
6328.T,荏原実業,1548
5699.T,イボキン,1549
9344.T,アクシスコンサルティング,1550
3826.T,システムインテグレータ,1551
150A.T,ＪＳＨ,1552
7985.T,ネポン,1553
3096.T,オーシャンシステム,1554
2317.T,システナ,1555
4109.T,ステラ　ケミファ,1556
6493.T,ＮＩＴＴＡＮ,1557
3880.T,大王製紙,1558
5247.T,ＢＴＭ,1559
4040.T,南海化学,1560
7494.T,コナカ,1561
7083.T,ＡＨＣグループ,1562
4270.T,ＢｅｅＸ,1563
5936.T,東洋シヤッター,1564
4828.T,ビジネスエンジニアリング,1565
4168.T,ヤプリ,1566
9842.T,アークランズ,1567
4051.T,ＧＭＯフィナンシャルゲート,1568
1850.T,南海辰村建設,1569
9233.T,アジア航測,1570
7129.T,ミアヘルサホールディングス,1571
6143.T,ソディック,1572
3465.T,ケイアイスター不動産,1573
3054.T,ハイパー,1574
6191.T,エアトリ,1575
6050.T,イー・ガーディアン,1576
5122.T,オカモト,1577
1814.T,大末建設,1578
8031.T,三井物産,1579
1853.T,森組,1580
8070.T,東京産業,1581
1828.T,田辺工業,1582
3640.T,電算,1583
2659.T,サンエー,1584
302A.T,ビースタイルホールディングス,1585
6440.T,ＪＵＫＩ,1586
6638.T,ミマキエンジニアリング,1587
3323.T,レカム,1588
6904.T,原田工業,1589
2391.T,プラネット,1590
7611.T,ハイデイ日高,1591
175A.T,Ｗｉｌｌ　Ｓｍａｒｔ,1592
3321.T,ミタチ産業,1593
2752.T,フジオフードグループ本社,1594
7702.T,ＪＭＳ,1595
4976.T,東洋ドライルーブ,1596
4053.T,Ｓｕｎ　Ａｓｔｅｒｉｓｋ,1597
6592.T,マブチモーター,1598
4275.T,カーリット,1599
6535.T,アイモバイル,1600
4481.T,ベース,1601
8416.T,高知銀行,1602
7505.T,扶桑電通,1603
7678.T,あさくま,1604
3845.T,アイフリークモバイル,1605
8030.T,中央魚類,1606
8914.T,エリアリンク,1607
7538.T,大水,1608
6866.T,日置電機,1609
1926.T,ライト工業,1610
5816.T,オーナンバ,1611
6046.T,リンクバル,1612
7807.T,幸和製作所,1613
7236.T,ティラド,1614
2922.T,なとり,1615
1979.T,大氣社,1616
9888.T,ＵＥＸ,1617
9880.T,イノテック,1618
7044.T,ピアラ,1619
6351.T,鶴見製作所,1620
2340.T,極楽湯ホールディングス,1621
9929.T,平和紙業,1622
2760.T,東京エレクトロン　デバイス,1623
6617.T,東光高岳,1624
196A.T,ＭＦＳ,1625
4832.T,ＪＦＥシステムズ,1626
3236.T,プロパスト,1627
415A.T,ＧＭＯ　ＴＥＣＨホールディングス,1628
7434.T,オータケ,1629
4169.T,ＥＮＥＣＨＡＮＧＥ,1630
3908.T,コラボス,1631
2354.T,ＹＥ　ＤＩＧＩＴＡＬ,1632
8365.T,富山銀行,1633
4549.T,栄研化学,1634
5368.T,日本インシュレーション,1635
3409.T,北紡,1636
6145.T,ＮＩＴＴＯＫＵ,1637
6055.T,ジャパンマテリアル,1638
3035.T,ケイティケイ,1639
7846.T,パイロットコーポレーション,1640
5131.T,リンカーズ,1641
6189.T,グローバルキッズＣＯＭＰＡＮＹ,1642
3660.T,アイスタイル,1643
3895.T,ハビックス,1644
5125.T,ファインズ,1645
6045.T,レントラックス,1646
7363.T,ベビーカレンダー,1647
7917.T,ＺＡＣＲＯＳ,1648
6181.T,タメニー,1649
5033.T,ヌーラボ,1650
6566.T,要興業,1651
3683.T,サイバーリンクス,1652
8282.T,ケーズホールディングス,1653
7902.T,ソノコム,1654
2224.T,コモ,1655
9765.T,オオバ,1656
7058.T,共栄セキュリティーサービス,1657
4766.T,ピーエイ,1658
8202.T,ラオックスホールディングス,1659
8609.T,岡三証券グループ,1660
6470.T,大豊工業,1661
9249.T,日本エコシステム,1662
303A.T,ｖｉｓｕｍｏ,1663
7460.T,ヤギ,1664
7413.T,創健社,1665
4912.T,ライオン,1666
369A.T,エータイ,1667
3921.T,ネオジャパン,1668
5974.T,中国工業,1669
8739.T,スパークス・グループ,1670
9419.T,ワイヤレスゲート,1671
4524.T,森下仁丹,1672
9969.T,ショクブン,1673
5962.T,浅香工業,1674
3696.T,セレス,1675
8244.T,近鉄百貨店,1676
4755.T,楽天グループ,1677
7280.T,ミツバ,1678
1950.T,日本電設工業,1679
2175.T,エス・エム・エス,1680
296A.T,令和アカウンティング・ホールディングス,1681
4809.T,パラカ,1682
7229.T,ユタカ技研,1683
6258.T,平田機工,1684
9057.T,遠州トラック,1685
7995.T,バルカー,1686
7792.T,コラントッテ,1687
3762.T,テクマトリックス,1688
2926.T,篠崎屋,1689
6564.T,ミダックホールディングス,1690
6268.T,ナブテスコ,1691
6029.T,アトラグループ,1692
3036.T,アルコニックス,1693
7646.T,ＰＬＡＮＴ,1694
6501.T,日立製作所,1695
3038.T,神戸物産,1696
1414.T,ショーボンドホールディングス,1697
1982.T,日比谷総合設備,1698
4212.T,積水樹脂,1699
4293.T,セプテーニ・ホールディングス,1700
3598.T,山喜,1701
4442.T,バルテス・ホールディングス,1702
8364.T,清水銀行,1703
7287.T,日本精機,1704
5018.T,ＭＯＲＥＳＣＯ,1705
1847.T,イチケン,1706
9962.T,ミスミグループ本社,1707
387A.T,フラー,1708
3293.T,アズマハウス,1709
6526.T,ソシオネクスト,1710
5451.T,ヨドコウ,1711
3556.T,リネットジャパングループ,1712
4299.T,ハイマックス,1713
8242.T,エイチ・ツー・オー　リテイリング,1714
4261.T,アジアクエスト,1715
4687.T,ＴＤＣソフト,1716
4366.T,ダイトーケミックス,1717
2588.T,プレミアムウォーターホールディングス,1718
3836.T,アバントグループ,1719
4722.T,フューチャー,1720
3416.T,ピクスタ,1721
3482.T,ロードスターキャピタル,1722
8166.T,タカキュー,1723
7679.T,薬王堂ホールディングス,1724
4170.T,Ｋａｉｚｅｎ　Ｐｌａｔｆｏｒｍ,1725
2264.T,森永乳業,1726
4245.T,ダイキアクシス,1727
3663.T,セルシス,1728
4434.T,サーバーワークス,1729
5612.T,日本鋳鉄管,1730
5273.T,三谷セキサン,1731
6013.T,タクマ,1732
4216.T,旭有機材,1733
7818.T,トランザクション,1734
2179.T,成学社,1735
7462.T,ＣＡＰＩＴＡ,1736
3553.T,共和レザー,1737
7687.T,ミクリード,1738
5921.T,川岸工業,1739
6289.T,技研製作所,1740
2612.T,かどや製油,1741
4680.T,ラウンドワン,1742
7481.T,尾家産業,1743
3583.T,オーベクス,1744
6570.T,共和コーポレーション,1745
5753.T,日本伸銅,1746
138A.T,光フードサービス,1747
5013.T,ユシロ,1748
4892.T,サイフューズ,1749
4071.T,プラスアルファ・コンサルティング,1750
6778.T,アルチザネットワークス,1751
9119.T,飯野海運,1752
3300.T,アンビション　ＤＸ　ホールディングス,1753
8012.T,長瀬産業,1754
5240.T,ｍｏｎｏＡＩ　ｔｅｃｈｎｏｌｏｇｙ,1755
4992.T,北興化学工業,1756
2914.T,日本たばこ産業,1757
9363.T,大運,1758
5957.T,日東精工,1759
2502.T,アサヒグループホールディングス,1760
9557.T,エアークローゼット,1761
6113.T,アマダ,1762
3474.T,Ｇ－ＦＡＣＴＯＲＹ,1763
4095.T,日本パーカライジング,1764
9903.T,カンセキ,1765
2726.T,パルグループホールディングス,1766
2594.T,キーコーヒー,1767
4208.T,ＵＢＥ,1768
6073.T,アサンテ,1769
5242.T,アイズ,1770
2198.T,アイ・ケイ・ケイホールディングス,1771
4365.T,松本油脂製薬,1772
9878.T,セキド,1773
6856.T,堀場製作所,1774
7888.T,三光合成,1775
9823.T,マミーマートホールディングス,1776
4204.T,積水化学工業,1777
9612.T,ラックランド,1778
6044.T,三機サービス,1779
341A.T,トヨコー,1780
7532.T,パン・パシフィック・インターナショナルホールディングス,1781
9385.T,ショーエイコーポレーション,1782
9068.T,丸全昭和運輸,1783
3909.T,ショーケース,1784
7972.T,イトーキ,1785
4919.T,ミルボン,1786
4391.T,ロジザード,1787
3796.T,いい生活,1788
2164.T,地域新聞社,1789
3441.T,山王,1790
9380.T,東海運,1791
7939.T,研創,1792
325A.T,ＴＥＮＴＩＡＬ,1793
6465.T,ホシザキ,1794
2311.T,エプコ,1795
7918.T,ヴィア・ホールディングス,1796
9979.T,大庄,1797
3134.T,Ｈａｍｅｅ,1798
2122.T,インタースペース,1799
5951.T,ダイニチ工業,1800
6190.T,フェニックスバイオ,1801
3359.T,ｃｏｔｔａ,1802
5592.T,くすりの窓口,1803
4975.T,ＪＣＵ,1804
3951.T,朝日印刷,1805
9553.T,マイクロアド,1806
3799.T,キーウェアソリューションズ,1807
6336.T,石井表記,1808
1799.T,第一建設工業,1809
7218.T,田中精密工業,1810
8876.T,リログループ,1811
9531.T,東京瓦斯,1812
4584.T,キッズウェル・バイオ,1813
6240.T,ヤマシンフィルタ,1814
4448.T,ｋｕｂｅｌｌ,1815
5133.T,テリロジーホールディングス,1816
4380.T,Ｍマート,1817
7822.T,永大産業,1818
5257.T,ノバシステム,1819
4929.T,アジュバンホールディングス,1820
2286.T,林兼産業,1821
3653.T,モルフォ,1822
3091.T,ブロンコビリー,1823
7035.T,ａｎｄ　ｆａｃｔｏｒｙ,1824
6457.T,グローリー,1825
7201.T,日産自動車,1826
4777.T,ガーラ,1827
2810.T,ハウス食品グループ本社,1828
3776.T,ブロードバンドタワー,1829
1375.T,ユキグニファクトリー,1830
8934.T,サンフロンティア不動産,1831
9319.T,中央倉庫,1832
3181.T,買取王国,1833
7183.T,あんしん保証,1834
6699.T,ダイヤモンドエレクトリックホールディングス,1835
9051.T,センコン物流,1836
5869.T,早稲田学習研究会,1837
6788.T,日本トリム,1838
6464.T,ツバキ・ナカシマ,1839
8306.T,三菱ＵＦＪフィナンシャル・グループ,1840
9450.T,ファイバーゲート,1841
4553.T,東和薬品,1842
7369.T,メイホーホールディングス,1843
9432.T,ＮＴＴ,1844
9267.T,Ｇｅｎｋｙ　ＤｒｕｇＳｔｏｒｅｓ,1845
8085.T,ナラサキ産業,1846
7833.T,アイフィスジャパン,1847
7616.T,コロワイド,1848
9788.T,ナック,1849
4286.T,ＣＬホールディングス,1850
8135.T,ゼット,1851
3798.T,ＵＬＳグループ,1852
2342.T,トランスジェニックグループ,1853
4684.T,オービック,1854
9162.T,ブリーチ,1855
7749.T,メディキット,1856
1904.T,大成温調,1857
4488.T,ＡＩ　ｉｎｓｉｄｅ,1858
7585.T,かんなん丸,1859
3914.T,ＪＩＧ－ＳＡＷ,1860
2607.T,不二製油,1861
9867.T,ソレキア,1862
8399.T,琉球銀行,1863
6198.T,キャリア,1864
7727.T,オーバル,1865
9478.T,ＳＥホールディングス・アンド・インキュベーションズ,1866
4235.T,ウルトラファブリックス・ホールディングス,1867
3918.T,ＰＣＩホールディングス,1868
156A.T,マテリアルグループ,1869
3461.T,パルマ,1870
9467.T,アルファポリス,1871
8285.T,三谷産業,1872
8923.T,トーセイ,1873
7080.T,スポーツフィールド,1874
6599.T,エブレン,1875
2315.T,ＣＡＩＣＡ　ＤＩＧＩＴＡＬ,1876
9346.T,ココルポート,1877
3787.T,テクノマセマティカル,1878
2294.T,柿安本店,1879
5609.T,日本鋳造,1880
7989.T,立川ブラインド工業,1881
6298.T,ワイエイシイホールディングス,1882
6161.T,エスティック,1883
6584.T,三櫻工業,1884
5142.T,アキレス,1885
9449.T,ＧＭＯインターネットグループ,1886
8131.T,ミツウロコグループホールディングス,1887
6325.T,タカキタ,1888
4528.T,小野薬品工業,1889
7963.T,興研,1890
4068.T,ベイシス,1891
7774.T,ジャパン・ティッシュエンジニアリング,1892
6480.T,日本トムソン,1893
9474.T,ゼンリン,1894
1793.T,大本組,1895
5535.T,ミガロホールディングス,1896
6757.T,ＯＳＧコーポレーション,1897
2884.T,ヨシムラ・フード・ホールディングス,1898
2753.T,あみやき亭,1899
6194.T,アトラエ,1900
2393.T,日本ケアサプライ,1901
4599.T,ステムリム,1902
4385.T,メルカリ,1903
4229.T,群栄化学工業,1904
4644.T,イマジニア,1905
7897.T,ホクシン,1906
9972.T,アルテック,1907
3634.T,ソケッツ,1908
6505.T,東洋電機製造,1909
6723.T,ルネサスエレクトロニクス,1910
8077.T,トルク,1911
2395.T,新日本科学,1912
2678.T,アスクル,1913
9535.T,広島ガス,1914
2156.T,セーラー広告,1915
6180.T,ＧＭＯメディア,1916
5337.T,ダントーホールディングス,1917
5261.T,リソルホールディングス,1918
2222.T,寿スピリッツ,1919
7502.T,プラザホールディングス,1920
7004.T,カナデビア,1921
8713.T,フィデアホールディングス,1922
4064.T,日本カーバイド工業,1923
9441.T,ベルパーク,1924
7219.T,エッチ・ケー・エス,1925
6742.T,京三製作所,1926
6840.T,ＡＫＩＢＡホールディングス,1927
7284.T,盟和産業,1928
7567.T,栄電子,1929
1807.T,佐藤渡辺,1930
3916.T,デジタル・インフォメーション・テクノロジー,1931
9444.T,トーシンホールディングス,1932
2425.T,ケアサービス,1933
8039.T,築地魚市場,1934
6753.T,シャープ,1935
7735.T,ＳＣＲＥＥＮホールディングス,1936
1934.T,ユアテック,1937
3261.T,グランディーズ,1938
8104.T,クワザワホールディングス,1939
6040.T,日本スキー場開発,1940
8253.T,クレディセゾン,1941
4247.T,ポバール興業,1942
6061.T,ユニバーサル園芸社,1943
3157.T,ジオリーブグループ,1944
3970.T,イノベーション,1945
4463.T,日華化学,1946
2872.T,セイヒョー,1947
7215.T,ファルテック,1948
7615.T,京都きもの友禅ホールディングス,1949
4750.T,ダイサン,1950
5820.T,三ッ星,1951
9166.T,ＧＥＮＤＡ,1952
6150.T,タケダ機械,1953
7196.T,Ｃａｓａ,1954
3986.T,ビーブレイクシステムズ,1955
6894.T,パルステック工業,1956
4958.T,長谷川香料,1957
6662.T,ユビテック,1958
7683.T,ダブルエー,1959
7279.T,ハイレックスコーポレーション,1960
5334.T,日本特殊陶業,1961
6360.T,東京自働機械製作所,1962
2375.T,ギグワークス,1963
2376.T,サイネックス,1964
2503.T,キリンホールディングス,1965
6141.T,ＤＭＧ森精機,1966
1383.T,ベルグアース,1967
4980.T,デクセリアルズ,1968
5532.T,リアルゲイト,1969
4028.T,石原産業,1970
9835.T,ジュンテンドー,1971
9846.T,天満屋ストア,1972
4412.T,サイエンスアーツ,1973
7962.T,キングジム,1974
8714.T,池田泉州ホールディングス,1975
5966.T,京都機械工具,1976
8624.T,いちよし証券,1977
7013.T,ＩＨＩ,1978
3382.T,セブン＆アイ・ホールディングス,1979
245A.T,ＩＮＧＳ,1980
6997.T,日本ケミコン,1981
9445.T,フォーバルテレコム,1982
6962.T,大真空,1983
5393.T,ニチアス,1984
6091.T,ウエスコホールディングス,1985
5341.T,ＡＳＡＨＩ　ＥＩＴＯホールディングス,1986
3791.T,ＩＧポート,1987
5715.T,古河機械金属,1988
4288.T,アズジェント,1989
6857.T,アドバンテスト,1990
1873.T,日本ハウスホールディングス,1991
3543.T,コメダホールディングス,1992
6706.T,電気興業,1993
6951.T,日本電子,1994
2986.T,ＬＡホールディングス,1995
8181.T,東天紅,1996
7847.T,グラファイトデザイン,1997
7729.T,東京精密,1998
2735.T,ワッツ,1999
5973.T,トーアミ,2000
4678.T,秀英予備校,2001
7686.T,ひとまいる,2002
7872.T,エステールホールディングス,2003
3172.T,ティーライフ,2004
3021.T,パシフィックネット,2005
265A.T,Ｈｍｃｏｍｍ,2006
5101.T,横浜ゴム,2007
3928.T,マイネット,2008
4512.T,わかもと製薬,2009
416A.T,富士ユナイトホールディングス,2010
2999.T,ホームポジション,2011
6310.T,井関農機,2012
5038.T,ｅＷｅＬＬ,2013
5214.T,日本電気硝子,2014
7883.T,サンメッセ,2015
3948.T,光ビジネスフォーム,2016
7775.T,大研医器,2017
6292.T,カワタ,2018
6861.T,キーエンス,2019
4100.T,戸田工業,2020
2196.T,エスクリ,2021
4187.T,大阪有機化学工業,2022
2656.T,ベクターホールディングス,2023
2742.T,ハローズ,2024
4344.T,ソースネクスト,2025
3266.T,ファンドクリエーショングループ,2026
4917.T,マンダム,2027
7157.T,ライフネット生命保険,2028
2802.T,味の素,2029
4228.T,積水化成品工業,2030
6768.T,タムラ製作所,2031
5900.T,ダイケン,2032
6516.T,山洋電気,2033
9704.T,アゴーラ　ホスピタリティー　グループ,2034
4523.T,エーザイ,2035
2483.T,翻訳センター,2036
4401.T,ＡＤＥＫＡ,2037
2331.T,ＡＬＳＯＫ,2038
7809.T,壽屋,2039
6955.T,ＦＤＫ,2040
4440.T,ヴィッツ,2041
4078.T,堺化学工業,2042
339A.T,プログレス・テクノロジーズ　グループ,2043
3291.T,飯田グループホールディングス,2044
5578.T,ＡＲアドバンストテクノロジ,2045
7731.T,ニコン,2046
6334.T,明治機械,2047
6668.T,アドテック　プラズマ　テクノロジー,2048
4390.T,ＩＰＳ,2049
3417.T,大木ヘルスケアホールディングス,2050
2373.T,ケア２１,2051
8344.T,山形銀行,2052
5036.T,日本ビジネスシステムズ,2053
2831.T,はごろもフーズ,2054
6138.T,ダイジェット工業,2055
4482.T,ウィルズ,2056
6864.T,エヌエフホールディングス,2057
2907.T,あじかん,2058
7267.T,本田技研工業,2059
9010.T,富士急行,2060
3175.T,エー・ピーホールディングス,2061
5587.T,インバウンドプラットフォーム,2062
4432.T,ウイングアーク１ｓｔ,2063
7130.T,ヤマエグループホールディングス,2064
6850.T,チノー,2065
4884.T,クリングルファーマ,2066
7426.T,山大,2067
6770.T,アルプスアルパイン,2068
4326.T,インテージホールディングス,2069
9887.T,松屋フーズホールディングス,2070
6042.T,ニッキ,2071
3436.T,ＳＵＭＣＯ,2072
8704.T,トレイダーズホールディングス,2073
9982.T,タキヒヨー,2074
5015.T,ビーピー・カストロール,2075
2003.T,日東富士製粉,2076
6376.T,日機装,2077
6254.T,野村マイクロ・サイエンス,2078
6322.T,タクミナ,2079
2764.T,ひらまつ,2080
8362.T,福井銀行,2081
4645.T,市進ホールディングス,2082
1815.T,鉄建建設,2083
5563.T,新日本電工,2084
4530.T,久光製薬,2085
6844.T,新電元工業,2086
2148.T,アイティメディア,2087
7947.T,エフピコ,2088
1803.T,清水建設,2089
336A.T,ダイナミックマッププラットフォーム,2090
6265.T,コンバム,2091
5458.T,高砂鐵工,2092
3968.T,セグエグループ,2093
6197.T,ソラスト,2094
7140.T,ペットゴー,2095
4626.T,太陽ホールディングス,2096
6347.T,プラコー,2097
9036.T,東部ネットワーク,2098
6982.T,リード,2099
3891.T,ニッポン高度紙工業,2100
1861.T,熊谷組,2101
4483.T,ＪＭＤＣ,2102
7456.T,松田産業,2103
1848.T,富士ピー・エス,2104
9107.T,川崎汽船,2105
5994.T,ファインシンター,2106
7245.T,大同メタル工業,2107
7115.T,アルファパーチェス,2108
4761.T,さくらケーシーエス,2109
7524.T,マルシェ,2110
6301.T,小松製作所,2111
7354.T,ダイレクトマーケティングミックス,2112
3850.T,エヌ・ティ・ティ・データ・イントラマート,2113
3490.T,アズ企画設計,2114
4800.T,オリコン,2115
3723.T,日本ファルコム,2116
4997.T,日本農薬,2117
3248.T,アールエイジ,2118
4198.T,テンダ,2119
3691.T,デジタルプラス,2120
1963.T,日揮ホールディングス,2121
9046.T,神戸電鉄,2122
9341.T,ＧＥＮＯＶＡ,2123
6305.T,日立建機,2124
3863.T,日本製紙,2125
9502.T,中部電力,2126
4847.T,インテリジェント　ウェイブ,2127
6702.T,富士通,2128
3469.T,デュアルタップ,2129
4712.T,ＫｅｙＨｏｌｄｅｒ,2130
6291.T,日本エアーテック,2131
7694.T,いつも,2132
6647.T,森尾電機,2133
3627.T,テクミラホールディングス,2134
3178.T,チムニー,2135
3101.T,東洋紡,2136
246A.T,アスア,2137
2788.T,アップルインターナショナル,2138
4880.T,セルソース,2139
3040.T,ソリトンシステムズ,2140
7384.T,プロクレアホールディングス,2141
3286.T,トラストホールディングス,2142
4341.T,西菱電機,2143
6620.T,宮越ホールディングス,2144
6338.T,タカトリ,2145
6390.T,加藤製作所,2146
6233.T,ＫＬＡＳＳ,2147
3111.T,オーミケンシ,2148
7698.T,アイスコ,2149
177A.T,コージンバイオ,2150
3769.T,ＧＭＯペイメントゲートウェイ,2151
414A.T,オーバーラップホールディングス,2152
2169.T,ＣＤＳ,2153
184A.T,学びエイド,2154
2138.T,クルーズ,2155
9812.T,テーオーホールディングス,2156
8006.T,ユアサ・フナショク,2157
2540.T,養命酒製造,2158
4098.T,チタン工業,2159
2139.T,中広,2160
4011.T,ヘッドウォータース,2161
6525.T,ＫＯＫＵＳＡＩ　ＥＬＥＣＴＲＩＣ,2162
6267.T,ゼネラルパッカー,2163
6870.T,日本フェンオール,2164
5333.T,日本碍子,2165
6890.T,フェローテック,2166
5444.T,大和工業,2167
6369.T,トーヨーカネツ,2168
7352.T,ＴＷＯＳＴＯＮＥ＆Ｓｏｎｓ,2169
3923.T,ラクス,2170
9564.T,ＦＣＥ,2171
9830.T,トラスコ中山,2172
3135.T,マーケットエンタープライズ,2173
7630.T,壱番屋,2174
4631.T,ＤＩＣ,2175
9713.T,ロイヤルホテル,2176
6858.T,小野測器,2177
9367.T,大東港運,2178
6538.T,ディスラプターズ,2179
6407.T,ＣＫＤ,2180
2736.T,フェスタリアホールディングス,2181
3544.T,サツドラホールディングス,2182
4433.T,ヒト・コミュニケーションズ・ホールディングス,2183
9087.T,タカセ,2184
6226.T,守谷輸送機工業,2185
6752.T,パナソニック　ホールディングス,2186
9159.T,Ｗ　ＴＯＫＹＯ,2187
2370.T,メディネット,2188
2288.T,丸大食品,2189
1966.T,高田工業所,2190
5885.T,ジーデップ・アドバンス,2191
6176.T,ブランジスタ,2192
9640.T,セゾンテクノロジー,2193
4013.T,勤次郎,2194
9739.T,ＮＳＷ,2195
409A.T,オリオンビール,2196
8411.T,みずほフィナンシャルグループ,2197
6986.T,双葉電子工業,2198
9042.T,阪急阪神ホールディングス,2199
7849.T,スターツ出版,2200
4015.T,ペイクラウドホールディングス,2201
2268.T,Ｂ－Ｒ　サーティワン　アイスクリーム,2202
4612.T,日本ペイントホールディングス,2203
3823.T,ＴＨＥ　ＷＨＹ　ＨＯＷ　ＤＯ　ＣＯＭＰＡＮＹ,2204
3649.T,ファインデックス,2205
304A.T,フォルシア,2206
4784.T,ＧＭＯインターネット,2207
4475.T,ＨＥＮＮＧＥ,2208
7162.T,アストマックス,2209
219A.T,Ｈｅａｒｔｓｅｅｄ,2210
5035.T,ＨＯＵＳＥＩ,2211
4932.T,アルマード,2212
5586.T,Ｌａｂｏｒｏ．ＡＩ,2213
4536.T,参天製薬,2214
4760.T,アルファ,2215
3415.T,ＴＯＫＹＯ　ＢＡＳＥ,2216
6524.T,湖北工業,2217
4587.T,ペプチドリーム,2218
3143.T,オーウイル,2219
4415.T,ブロードエンタープライズ,2220
6744.T,能美防災,2221
3386.T,コスモ・バイオ,2222
7915.T,ＮＩＳＳＨＡ,2223
1840.T,土屋ホールディングス,2224
3632.T,グリーホールディングス,2225
3665.T,エニグモ,2226
2221.T,岩塚製菓,2227
2762.T,ＳＡＮＫＯ　ＭＡＲＫＥＴＩＮＧ　ＦＯＯＤＳ,2228
7943.T,ニチハ,2229
7455.T,パリミキホールディングス,2230
9761.T,東海リース,2231
2186.T,ソーバル,2232
1946.T,トーエネック,2233
8207.T,テンアライド,2234
4055.T,ティアンドエスグループ,2235
4575.T,キャンバス,2236
9651.T,日本プロセス,2237
4705.T,クリップコーポレーション,2238
1783.T,ｆａｎｔａｓｉｓｔａ,2239
3550.T,スタジオアタオ,2240
6976.T,太陽誘電,2241
2877.T,日東ベスト,2242
4507.T,塩野義製薬,2243
6503.T,三菱電機,2244
5026.T,トリプルアイズ,2245
3030.T,ハブ,2246
5491.T,日本金属,2247
7358.T,ポピンズ,2248
6383.T,ダイフク,2249
280A.T,ＴＭＨ,2250
2983.T,アールプランナー,2251
5987.T,オーネックス,2252
4720.T,城南進学研究社,2253
1942.T,関電工,2254
7596.T,魚力,2255
1802.T,大林組,2256
9930.T,北沢産業,2257
7238.T,曙ブレーキ工業,2258
3935.T,エディア,2259
6358.T,酒井重工業,2260
3865.T,北越コーポレーション,2261
8113.T,ユニ・チャーム,2262
4565.T,ネクセラファーマ,2263
6424.T,高見沢サイバネティックス,2264
8542.T,トマト銀行,2265
4733.T,オービックビジネスコンサルタント,2266
3607.T,クラウディアホールディングス,2267
9824.T,泉州電業,2268
2751.T,テンポスホールディングス,2269
3223.T,エスエルディー,2270
3915.T,テラスカイ,2271
3726.T,フォーシーズＨＤ,2272
5161.T,西川ゴム工業,2273
5703.T,日本軽金属ホールディングス,2274
6196.T,ストライク,2275
6634.T,ネクスグループ,2276
6155.T,高松機械工業,2277
7610.T,テイツー,2278
3160.T,大光,2279
9028.T,ゼロ,2280
3912.T,モバイルファクトリー,2281
6969.T,松尾電機,2282
8700.T,丸八証券,2283
8508.T,Ｊトラスト,2284
4776.T,サイボウズ,2285
1435.T,ｒｏｂｏｔ　ｈｏｍｅ,2286
7399.T,ナンシン,2287
4317.T,レイ,2288
9017.T,新潟交通,2289
8267.T,イオン,2290
269A.T,Ｓａｐｅｅｔ,2291
3167.T,ＴＯＫＡＩホールディングス,2292
6264.T,マルマエ,2293
3646.T,駅探,2294
4171.T,グローバルインフォメーション,2295
6146.T,ディスコ,2296
4333.T,東邦システムサイエンス,2297
6223.T,西部技研,2298
7487.T,小津産業,2299
7516.T,コーナン商事,2300
3571.T,ソトー,2301
4234.T,サンエー化研,2302
2700.T,木徳神糧,2303
4180.T,Ａｐｐｉｅｒ　Ｇｒｏｕｐ,2304
7173.T,東京きらぼしフィナンシャルグループ,2305
9679.T,ホウライ,2306
3159.T,丸善ＣＨＩホールディングス,2307
5423.T,東京製鐵,2308
7521.T,ムサシ,2309
3652.T,ディジタルメディアプロフェッショナル,2310
9339.T,コーチ・エィ,2311
6981.T,村田製作所,2312
5981.T,東京製綱,2313
4074.T,ラキール,2314
7928.T,旭化学工業,2315
4256.T,サインド,2316
7416.T,はるやまホールディングス,2317
3237.T,イントランス,2318
6147.T,ヤマザキ,2319
7224.T,新明和工業,2320
9268.T,オプティマスグループ,2321
8115.T,ムーンバット,2322
6506.T,安川電機,2323
9946.T,ミニストップ,2324
3698.T,ＣＲＩ・ミドルウェア,2325
7356.T,Ｒｅｔｔｙ,2326
8769.T,アドバンテッジリスクマネジメント,2327
1420.T,サンヨーホームズ,2328
6195.T,ホープ,2329
4377.T,ワンキャリア,2330
9278.T,ブックオフグループホールディングス,2331
5711.T,三菱マテリアル,2332
3138.T,富士山マガジンサービス,2333
3420.T,ケー・エフ・シー,2334
4059.T,まぐまぐ,2335
3920.T,アイビーシー,2336
7625.T,グローバルダイニング,2337
9973.T,ＫＯＺＯホールディングス,2338
155A.T,情報戦略テクノロジー,2339
7865.T,ピープル,2340
9254.T,ラバブルマーケティンググループ,2341
2492.T,インフォマート,2342
7069.T,サイバー・バズ,2343
3904.T,カヤック,2344
6914.T,オプテックスグループ,2345
5945.T,天龍製鋸,2346
7867.T,タカラトミー,2347
2454.T,オールアバウト,2348
4578.T,大塚ホールディングス,2349
3549.T,クスリのアオキホールディングス,2350
6459.T,大和冷機工業,2351
2055.T,日和産業,2352
431A.T,ユーソナー,2353
5137.T,スマートドライブ,2354
4480.T,メドレー,2355
6659.T,メディアリンクス,2356
6101.T,ツガミ,2357
3397.T,トリドールホールディングス,2358
5384.T,フジミインコーポレーテッド,2359
9421.T,エヌジェイホールディングス,2360
9101.T,日本郵船,2361
3964.T,オークネット,2362
1911.T,住友林業,2363
6635.T,大日光・エンジニアリング,2364
9687.T,ＫＳＫ,2365
8200.T,リンガーハット,2366
8537.T,大光銀行,2367
7670.T,オーウエル,2368
4056.T,ニューラルグループ,2369
7813.T,プラッツ,2370
4966.T,上村工業,2371
4192.T,スパイダープラス,2372
5952.T,アマテイ,2373
7762.T,シチズン時計,2374
9271.T,和心,2375
7747.T,朝日インテック,2376
3622.T,ネットイヤーグループ,2377
6555.T,ＭＳ＆Ｃｏｎｓｕｌｔｉｎｇ,2378
4419.T,Ｆｉｎａｔｅｘｔホールディングス,2379
442A.T,クラシコ,2380
7041.T,ＣＲＧホールディングス,2381
6841.T,横河電機,2382
4118.T,カネカ,2383
1969.T,高砂熱学工業,2384
7940.T,ウェーブロックホールディングス,2385
6952.T,カシオ計算機,2386
7186.T,横浜フィナンシャルグループ,2387
2341.T,アルバイトタイムス,2388
7806.T,ＭＴＧ,2389
7033.T,マネジメントソリューションズ,2390
4891.T,ティムス,2391
5259.T,ＢＢＤイニシアティブ,2392
6158.T,和井田製作所,2393
8945.T,サンネクスタグループ,2394
8630.T,ＳＯＭＰＯホールディングス,2395
6125.T,岡本工作機械製作所,2396
2173.T,博展,2397
6315.T,ＴＯＷＡ,2398
7868.T,広済堂ホールディングス,2399
9708.T,帝国ホテル,2400
429A.T,テクセンドフォトマスク,2401
6098.T,リクルートホールディングス,2402
130A.T,Ｖｅｒｉｔａｓ　Ｉｎ　Ｓｉｌｉｃｏ,2403
4384.T,ラクスル,2404
5027.T,ＡｎｙＭｉｎｄ　Ｇｒｏｕｐ,2405
4968.T,荒川化学工業,2406
4911.T,資生堂,2407
205A.T,ロゴスホールディングス,2408
3991.T,ウォンテッドリー,2409
3198.T,ＳＦＰホールディングス,2410
7073.T,ジェイック,2411
153A.T,カウリス,2412
5570.T,ジェノバ,2413
6806.T,ヒロセ電機,2414
220A.T,Ｆａｂｅｒ　Ｃｏｍｐａｎｙ,2415
3140.T,ＢＲＵＮＯ,2416
4883.T,モダリス,2417
5618.T,ナイル,2418
4019.T,スタメン,2419
5079.T,ノバック,2420
6590.T,芝浦メカトロニクス,2421
5344.T,ＭＡＲＵＷＡ,2422
2269.T,明治ホールディングス,2423
7514.T,ヒマラヤ,2424
3326.T,ランシステム,2425
6080.T,Ｍ＆Ａキャピタルパートナーズ,2426
1893.T,五洋建設,2427
5218.T,オハラ,2428
4973.T,日本高純度化学,2429
7726.T,黒田精工,2430
9601.T,松竹,2431
2226.T,湖池屋,2432
2388.T,ウェッジホールディングス,2433
2300.T,きょくとう,2434
9436.T,沖縄セルラー電話,2435
6402.T,兼松エンジニアリング,2436
7271.T,安永,2437
4902.T,コニカミノルタ,2438
8225.T,タカチホ,2439
4539.T,日本ケミファ,2440
6307.T,サンセイ,2441
5194.T,相模ゴム工業,2442
137A.T,Ｃｏｃｏｌｉｖｅ,2443
5704.T,ＪＭＣ,2444
9252.T,ラストワンマイル,2445
1419.T,タマホーム,2446
7863.T,平賀,2447
1780.T,ヤマウラ,2448
6572.T,オープングループ,2449
1939.T,四電工,2450
7741.T,ＨＯＹＡ,2451
2208.T,ブルボン,2452
7803.T,ブシロード,2453
5189.T,櫻護謨,2454
2876.T,デルソーレ,2455
3467.T,アグレ都市デザイン,2456
4389.T,プロパティデータバンク,2457
9143.T,ＳＧホールディングス,2458
5367.T,ニッカトー,2459
5028.T,セカンドサイトアナリティカ,2460
6250.T,やまびこ,2461
6546.T,フルテック,2462
9235.T,売れるネット広告社グループ,2463
4495.T,アイキューブドシステムズ,2464
9820.T,エムティジェネックス,2465
1801.T,大成建設,2466
7791.T,ドリームベッド,2467
5252.T,日本ナレッジ,2468
9793.T,ダイセキ,2469
4933.T,Ｉ－ｎｅ,2470
2484.T,出前館,2471
8918.T,ランド,2472
4812.T,電通総研,2473
5388.T,クニミネ工業,2474
7446.T,東北化学薬品,2475
5726.T,大阪チタニウムテクノロジーズ,2476
6284.T,日精エー・エス・ビー機械,2477
4487.T,スペースマーケット,2478
9225.T,ブリッジコンサルティンググループ,2479
3104.T,富士紡ホールディングス,2480
9560.T,プログリット,2481
5955.T,ワイズホールディングス,2482
3802.T,エコミック,2483
6877.T,ＯＢＡＲＡ　ＧＲＯＵＰ,2484
2435.T,シダー,2485
8392.T,大分銀行,2486
4576.T,デ・ウエスタン・セラピテクス研究所,2487
6023.T,ダイハツインフィニアース,2488
7092.T,Ｆａｓｔ　Ｆｉｔｎｅｓｓ　Ｊａｐａｎ,2489
3807.T,フィスコ,2490
4918.T,アイビー化粧品,2491
4124.T,大阪油化工業,2492
4579.T,ラクオリア創薬,2493
7896.T,セブン工業,2494
3981.T,ビーグリー,2495
2180.T,サニーサイドアップグループ,2496
3059.T,ヒラキ,2497
9468.T,ＫＡＤＯＫＡＷＡ,2498
6513.T,オリジン,2499
3800.T,ユニリタ,2500
7087.T,ウイルテック,2501
6999.T,ＫＯＡ,2502
7603.T,ジーイエット,2503
7175.T,今村証券,2504
6560.T,エル・ティー・エス,2505
1431.T,Ｌｉｂ　Ｗｏｒｋ,2506
9678.T,カナモト,2507
4346.T,ＮＥＸＹＺ．Ｇｒｏｕｐ,2508
3953.T,大村紙業,2509
2911.T,旭松食品,2510
4175.T,ｃｏｌｙ,2511
4558.T,中京医薬品,2512
4685.T,菱友システムズ,2513
9625.T,セレスポ,2514
6614.T,シキノハイテック,2515
6177.T,ＡｐｐＢａｎｋ,2516
3681.T,ブイキューブ,2517
9220.T,エフビー介護サービス,2518
1899.T,福田組,2519
7506.T,ハウス　オブ　ローゼ,2520
5986.T,モリテック　スチール,2521
9889.T,ＪＢＣＣホールディングス,2522
5282.T,ジオスター,2523
6540.T,船場,2524
7217.T,テイン,2525
1879.T,新日本建設,2526
4264.T,セキュア,2527
1944.T,きんでん,2528
7061.T,日本ホスピスホールディングス,2529
9984.T,ソフトバンクグループ,2530
8331.T,千葉銀行,2531
9554.T,ＡＶｉＣ,2532
7832.T,バンダイナムコホールディングス,2533
281A.T,インフォメティス,2534
4413.T,ボードルア,2535
7781.T,平山ホールディングス,2536
7131.T,のむら産業,2537
7919.T,野崎印刷紙業,2538
8141.T,新光商事,2539
6629.T,テクノホライゾン,2540
4076.T,シイエヌエス,2541
1945.T,東京エネシス,2542
2120.T,ＬＩＦＵＬＬ,2543
6832.T,アオイ電子,2544
6803.T,ティアック,2545
4461.T,第一工業製薬,2546
7077.T,ＡＬｉＮＫインターネット,2547
5697.T,サンユウ,2548
6627.T,テラプローブ,2549
7110.T,クラシコム,2550
6266.T,タツモ,2551
5356.T,美濃窯業,2552
5857.T,ＡＲＥホールディングス,2553
6481.T,ＴＨＫ,2554
2498.T,オリエンタルコンサルタンツホールディングス,2555
4058.T,トヨクモ,2556
7760.T,ＩＭＶ,2557
9853.T,銀座ルノアール,2558
3697.T,ＳＨＩＦＴ,2559
7309.T,シマノ,2560
1384.T,ホクリヨウ,2561
8361.T,大垣共立銀行,2562
3563.T,ＦＯＯＤ　＆　ＬＩＦＥ　ＣＯＭＰＡＮＩＥＳ,2563
7601.T,ポプラ,2564
4498.T,サイバートラスト,2565
9074.T,日本石油輸送,2566
3449.T,テクノフレックス,2567
2937.T,サンクゼール,2568
6644.T,大崎電気工業,2569
3486.T,グローバル・リンク・マネジメント,2570
4801.T,セントラルスポーツ,2571
3113.T,ＵＮＩＶＡ・Ｏａｋホールディングス,2572
7127.T,一家ホールディングス,2573
4974.T,タカラバイオ,2574
2997.T,ストレージ王,2575
8015.T,豊田通商,2576
9428.T,クロップス,2577
4492.T,ゼネテック,2578
4571.T,ＮＡＮＯホールディングス,2579
7501.T,ティムコ,2580
8541.T,愛媛銀行,2581
330A.T,ＴａｌｅｎｔＸ,2582
9024.T,西武ホールディングス,2583
9983.T,ファーストリテイリング,2584
4686.T,ジャストシステム,2585
8233.T,高島屋,2586
8562.T,福島銀行,2587
8358.T,スルガ銀行,2588
8551.T,北日本銀行,2589
6874.T,協立電機,2590
7377.T,ＤＮホールディングス,2591
4592.T,サンバイオ,2592
3064.T,ＭｏｎｏｔａＲＯ,2593
6703.T,沖電気工業,2594
1811.T,錢高組,2595
4004.T,レゾナック・ホールディングス,2596
8558.T,東和銀行,2597
3779.T,ジェイ・エスコムホールディングス,2598
2816.T,ダイショー,2599
1959.T,クラフティア,2600
2207.T,ｍｅｉｔｏ,2601
7412.T,アトム,2602
2424.T,ブラス,2603
5332.T,ＴＯＴＯ,2604
6848.T,東亜ディーケーケー,2605
6869.T,シスメックス,2606
4811.T,ドリーム・アーツ,2607
8209.T,フレンドリー,2608
4069.T,ＢｌｕｅＭｅｍｅ,2609
7250.T,太平洋工業,2610
4373.T,シンプレクス・ホールディングス,2611
8001.T,伊藤忠商事,2612
3905.T,データセクション,2613
6380.T,オリエンタルチエン工業,2614
4914.T,高砂香料工業,2615
7461.T,キムラ,2616
4022.T,ラサ工業,2617
3070.T,ジェリービーンズグループ,2618
7093.T,アディッシュ,2619
7544.T,スリーエフ,2620
3561.T,力の源ホールディングス,2621
6368.T,オルガノ,2622
5884.T,クラダシ,2623
3671.T,ソフトマックス,2624
9438.T,エムティーアイ,2625
3079.T,ディーブイエックス,2626
6022.T,赤阪鐵工所,2627
6400.T,不二精機,2628
3597.T,自重堂,2629
9033.T,広島電鉄,2630
5216.T,倉元製作所,2631
4251.T,恵和,2632
4923.T,コタ,2633
8898.T,センチュリー２１・ジャパン,2634
7716.T,ナカニシ,2635
9684.T,スクウェア・エニックス・ホールディングス,2636
7343.T,ブロードマインド,2637
7715.T,長野計器,2638
7555.T,大田花き,2639
4443.T,Ｓａｎｓａｎ,2640
9959.T,アシードホールディングス,2641
94346.T,ソフトバンク第２回社債型種類株式,2642
3280.T,エストラスト,2643
2204.T,中村屋,2644
4819.T,デジタルガレージ,2645
6173.T,アクアライン,2646
3577.T,東海染工,2647
7180.T,九州フィナンシャルグループ,2648
6762.T,ＴＤＫ,2649
4240.T,クラスターテクノロジー,2650
4754.T,トスネット,2651
6387.T,サムコ,2652
9731.T,白洋舎,2653
3741.T,セック,2654
5821.T,平河ヒューテック,2655
7126.T,グローバルスタイル,2656
6568.T,神戸天然物化学,2657
7976.T,三菱鉛筆,2658
4099.T,四国化成ホールディングス,2659
6616.T,トレックス・セミコンダクター,2660
2573.T,北海道コカ・コーラボトリング,2661
9264.T,ポエック,2662
7695.T,交換できるくん,2663
2686.T,ジーフット,2664
5268.T,旭コンクリート工業,2665
5449.T,大阪製鐵,2666
8013.T,ナイガイ,2667
5943.T,ノーリツ,2668
9405.T,朝日放送グループホールディングス,2669
4417.T,グローバルセキュリティエキスパート,2670
2882.T,イートアンドホールディングス,2671
3992.T,ニーズウェル,2672
9913.T,日邦産業,2673
4543.T,テルモ,2674
4967.T,小林製薬,2675
9504.T,中国電力,2676
4186.T,東京応化工業,2677
2469.T,ヒビノ,2678
3878.T,巴川コーポレーション,2679
5571.T,エキサイトホールディングス,2680
212A.T,フィットイージー,2681
5805.T,ＳＷＣＣ,2682
2737.T,トーメンデバイス,2683
6958.T,日本シイエムケイ,2684
3993.T,ＰＫＳＨＡ　Ｔｅｃｈｎｏｌｏｇｙ,2685
4093.T,東邦アセチレン,2686
6544.T,ジャパンエレベーターサービスホールディングス,2687
6993.T,大黒屋ホールディングス,2688
7600.T,日本エム・ディ・エム,2689
3221.T,ヨシックスホールディングス,2690
7562.T,安楽亭,2691
9709.T,ＮＣＳ＆Ａ,2692
436A.T,サイバーソリューションズ,2693
9240.T,デリバリーコンサルティング,2694
6845.T,アズビル,2695
6580.T,ライトアップ,2696
5471.T,大同特殊鋼,2697
218A.T,Ｌｉｂｅｒａｗａｒｅ,2698
366A.T,ウェルネス・コミュニケーションズ,2699
4478.T,フリー,2700
4102.T,丸尾カルシウム,2701
6579.T,ログリー,2702
6551.T,ツナググループ・ホールディングス,2703
7409.T,ＡｅｒｏＥｄｇｅ,2704
6099.T,エラン,2705
9219.T,ギックス,2706
4414.T,フレクト,2707
8708.T,アイザワ証券グループ,2708
6193.T,バーチャレクス・ホールディングス,2709
9241.T,フューチャーリンクネットワーク,2710
6653.T,正興電機製作所,2711
3932.T,アカツキ,2712
3695.T,ＧＭＯプロダクトプラットフォーム,2713
1721.T,コムシスホールディングス,2714
6217.T,津田駒工業,2715
5714.T,ＤＯＷＡホールディングス,2716
7539.T,アイナボホールディングス,2717
7314.T,小田原機器,2718
4243.T,ニックス,2719
5019.T,出光興産,2720
25935.T,伊藤園第１種優先株式,2721
2683.T,魚喜,2722
9361.T,伏木海陸運送,2723
9941.T,太洋物産,2724
7353.T,ＫＩＹＯラーニング,2725
4371.T,コアコンセプト・テクノロジー,2726
7634.T,星医療酸器,2727
6331.T,三菱化工機,2728
7814.T,日本創発グループ,2729
4716.T,日本オラクル,2730
4564.T,オンコセラピー・サイエンス,2731
8996.T,ハウスフリーダム,2732
6663.T,太洋テクノレックス,2733
6031.T,ＺＥＴＡ,2734
5290.T,ベルテクスコーポレーション,2735
8089.T,ナイス,2736
3454.T,ファーストブラザーズ,2737
4464.T,ソフト９９コーポレーション,2738
7819.T,粧美堂,2739
286A.T,ユカリア,2740
6977.T,日本抵抗器製作所,2741
5138.T,Ｒｅｂａｓｅ,2742
3777.T,環境フレンドリーホールディングス,2743
2930.T,北の達人コーポレーション,2744
2326.T,デジタルアーツ,2745
2345.T,ＨＯＤＬ１,2746
4335.T,ＩＰＳホールディングス,2747
9551.T,メタウォーター,2748
6005.T,三浦工業,2749
2883.T,大冷,2750
9503.T,関西電力,2751
7874.T,レック,2752
7713.T,シグマ光機,2753
4728.T,トーセ,2754
9816.T,ストライダーズ,2755
3626.T,ＴＩＳ,2756
8354.T,ふくおかフィナンシャルグループ,2757
6926.T,岡谷電機産業,2758
6776.T,天昇電気工業,2759
5202.T,日本板硝子,2760
8144.T,デンキョーグループホールディングス,2761
5139.T,オープンワーク,2762
2305.T,スタジオアリス,2763
6694.T,ズーム,2764
6549.T,ディーエムソリューションズ,2765
7034.T,プロレド・パートナーズ,2766
3329.T,東和フードサービス,2767
8226.T,理経,2768
3150.T,グリムス,2769
5983.T,イワブチ,2770
7685.T,ＢｕｙＳｅｌｌ　Ｔｅｃｈｎｏｌｏｇｉｅｓ,2771
6488.T,ヨシタケ,2772
9083.T,神姫バス,2773
3593.T,ホギメディカル,2774
6928.T,エノモト,2775
6063.T,日本エマージェンシーアシスタンス,2776
6134.T,ＦＵＪＩ,2777
7105.T,三菱ロジスネクスト,2778
3765.T,ガンホー・オンライン・エンターテイメント,2779
2796.T,ファーマライズホールディングス,2780
6323.T,ローツェ,2781
4849.T,エン,2782
7089.T,フォースタートアップス,2783
1724.T,シンクレイヤ,2784
2493.T,イーサポートリンク,2785
3088.T,マツキヨココカラ＆カンパニー,2786
6497.T,ハマイ,2787
4486.T,ユナイトアンドグロウ,2788
3077.T,ホリイフードサービス,2789
1736.T,オーテック,2790
9049.T,京福電気鉄道,2791
6039.T,日本動物高度医療センター,2792
3190.T,ホットマン,2793
3387.T,クリエイト・レストランツ・ホールディングス,2794
8230.T,はせがわ,2795
9360.T,鈴与シンワート,2796
7602.T,レダックス,2797
2813.T,和弘食品,2798
7037.T,テノ．ホールディングス,2799
9342.T,スマサポ,2800
7337.T,ひろぎんホールディングス,2801
4516.T,日本新薬,2802
6286.T,靜甲,2803
8418.T,山口フィナンシャルグループ,2804
4925.T,ハーバー研究所,2805
7327.T,第四北越フィナンシャルグループ,2806
9861.T,吉野家ホールディングス,2807
4971.T,メック,2808
8343.T,秋田銀行,2809
4479.T,マクアケ,2810
7733.T,オリンパス,2811
4563.T,アンジェス,2812
9206.T,スターフライヤー,2813
8622.T,水戸証券,2814
4813.T,ＡＣＣＥＳＳ,2815
9073.T,京極運輸商事,2816
5702.T,大紀アルミニウム工業所,2817
2814.T,佐藤食品工業,2818
4926.T,シーボン,2819
3907.T,シリコンスタジオ,2820
3426.T,アトムリビンテック,2821
9104.T,商船三井,2822
4057.T,インターファクトリー,2823
3753.T,フライトソリューションズ,2824
3994.T,マネーフォワード,2825
4262.T,ニフティライフスタイル,2826
2689.T,オルバヘルスケアホールディングス,2827
6652.T,ＩＤＥＣ,2828
7682.T,浜木綿,2829
5287.T,イトーヨーギョー,2830
2195.T,アミタホールディングス,2831
3774.T,インターネットイニシアティブ,2832
5071.T,ヴィス,2833
7711.T,助川電気工業,2834
7486.T,サンリン,2835
2329.T,東北新社,2836
2970.T,ＧＬＣ　ＧＲＯＵＰ,2837
3641.T,パピレス,2838
4593.T,ヘリオス,2839
228A.T,オプロ,2840
5888.T,ＤＡＩＷＡ　ＣＹＣＬＥ,2841
6343.T,フリージア・マクロス,2842
3352.T,バッファロー,2843
3537.T,昭栄薬品,2844
6554.T,エスユーエス,2845
410A.T,ＧＭＯコマース,2846
3405.T,クラレ,2847
7805.T,プリントネット,2848
5599.T,Ｓ＆Ｊ,2849
4616.T,川上塗料,2850
5842.T,インテグラル,2851
8165.T,千趣会,2852
298A.T,ＧＶＡ　ＴＥＣＨ,2853
6030.T,アドベンチャー,2854
8066.T,三谷商事,2855
9698.T,クレオ,2856
6963.T,ローム,2857
3238.T,セントラル総合開発,2858
7908.T,きもと,2859
5832.T,ちゅうぎんフィナンシャルグループ,2860
9742.T,アイネス,2861
8387.T,四国銀行,2862
5020.T,ＥＮＥＯＳホールディングス,2863
7621.T,うかい,2864
6643.T,戸上電機製作所,2865
7581.T,サイゼリヤ,2866
9245.T,リベロ,2867
5250.T,ＧＭＯプライム・ストラテジー,2868
2597.T,ユニカフェ,2869
9890.T,マキヤ,2870
2170.T,リンクアンドモチベーション,2871
9513.T,電源開発,2872
9507.T,四国電力,2873
1810.T,松井建設,2874
4397.T,チームスピリット,2875
6648.T,かわでん,2876
6094.T,フリークアウト・ホールディングス,2877
247A.T,Ａｉロボティクス,2878
4151.T,協和キリン,2879
4337.T,ぴあ,2880
4462.T,石原ケミカル,2881
2303.T,ドーン,2882
6365.T,電業社機械製作所,2883
3166.T,ＯＣＨＩホールディングス,2884
7389.T,あいちフィナンシャルグループ,2885
1768.T,ソネック,2886
8705.T,日産証券グループ,2887
7383.T,ネットプロテクションズホールディングス,2888
5713.T,住友金属鉱山,2889
1444.T,ニッソウ,2890
5727.T,東邦チタニウム,2891
8336.T,武蔵野銀行,2892
8473.T,ＳＢＩホールディングス,2893
3391.T,ツルハホールディングス,2894
6384.T,昭和真空,2895
148A.T,ハッチ・ワーク,2896
6069.T,トレンダーズ,2897
7523.T,アールビバン,2898
8056.T,ＢＩＰＲＯＧＹ,2899
6835.T,アライドテレシスホールディングス,2900
7373.T,アイドマ・ホールディングス,2901
202A.T,豆蔵,2902
7717.T,ブイ・テクノロジー,2903
8388.T,阿波銀行,2904
6167.T,冨士ダイス,2905
2768.T,双日,2906
3479.T,ティーケーピー,2907
1961.T,三機工業,2908
5721.T,エス・サイエンス,2909
5990.T,スーパーツール,2910
5956.T,トーソー,2911
4016.T,ＭＩＴホールディングス,2912
6637.T,寺崎電気産業,2913
3224.T,ゼネラル・オイスター,2914
3667.T,ｅｎｉｓｈ,2915
4676.T,フジ・メディア・ホールディングス,2916
2708.T,久世,2917
3173.T,Ｃｏｍｉｎｉｘ,2918
9466.T,アイドママーケティングコミュニケーション,2919
1377.T,サカタのタネ,2920
6054.T,リブセンス,2921
3541.T,農業総合研究所,2922
7378.T,アシロ,2923
4429.T,リックソフト,2924
9425.T,ＲｅＹｕｕ　Ｊａｐａｎ,2925
8218.T,コメリ,2926
7604.T,梅の花グループ,2927
9508.T,九州電力,2928
7643.T,ダイイチ,2929
9778.T,昴,2930
7879.T,ノダ,2931
4374.T,ＲＯＢＯＴ　ＰＡＹＭＥＮＴ,2932
7936.T,アシックス,2933
7161.T,じもとホールディングス,2934
6758.T,ソニーグループ,2935
3161.T,アゼアス,2936
5574.T,ＡＢＥＪＡ,2937
4194.T,ビジョナル,2938
1885.T,東亜建設工業,2939
7938.T,リーガルコーポレーション,2940
4179.T,ジーネクスト,2941
3989.T,シェアリングテクノロジー,2942
7380.T,十六フィナンシャルグループ,2943
5597.T,ブルーイノベーション,2944
7361.T,ヒューマンクリエイションホールディングス,2945
3068.T,ＷＤＩ,2946
6754.T,アンリツ,2947
6460.T,セガサミーホールディングス,2948
9914.T,植松商会,2949
3565.T,アセンテック,2950
3557.T,ユナイテッド＆コレクティブ,2951
3477.T,フォーライフ,2952
4594.T,ブライトパス・バイオ,2953
6545.T,インターネットインフィニティー,2954
2980.T,ＳＲＥホールディングス,2955
7043.T,アルー,2956
5909.T,コロナ,2957
4368.T,扶桑化学工業,2958
5237.T,ノザワ,2959
6393.T,油研工業,2960
4885.T,室町ケミカル,2961
1443.T,技研ホールディングス,2962
4588.T,オンコリスバイオファーマ,2963
6779.T,日本電波工業,2964
5355.T,日本坩堝,2965
7350.T,おきなわフィナンシャルグループ,2966
9256.T,サクシード,2967
4409.T,東邦化学工業,2968
4182.T,三菱瓦斯化学,2969
168A.T,イタミアート,2970
9215.T,ＣａＳｙ,2971
8368.T,百五銀行,2972
6532.T,ベイカレント,2973
2667.T,イメージ　ワン,2974
9735.T,セコム,2975
3963.T,シンクロ・フード,2976
5590.T,ネットスターズ,2977
6335.T,東京機械製作所,2978
3664.T,モブキャストホールディングス,2979
5034.T,ｕｎｅｒｒｙ,2980
8046.T,丸藤シートパイル,2981
2904.T,一正蒲鉾,2982
8045.T,横浜丸魚,2983
5162.T,朝日ラバー,2984
8366.T,滋賀銀行,2985
3546.T,アレンザホールディングス,2986
1434.T,ＪＥＳＣＯホールディングス,2987
3133.T,海帆,2988
8600.T,トモニホールディングス,2989
8058.T,三菱商事,2990
6871.T,日本マイクロニクス,2991
5870.T,ナルネットコミュニケーションズ,2992
6632.T,ＪＶＣケンウッド,2993
2993.T,長栄,2994
7381.T,ＣＣＩグループ,2995
4752.T,昭和システムエンジニアリング,2996
3202.T,ダイトウボウ,2997
5258.T,トランザクション・メディア・ネットワークス,2998
9605.T,東映,2999
5831.T,しずおかフィナンシャルグループ,3000
9242.T,メディア総研,3001
7042.T,アクセスグループ・ホールディングス,3002
4704.T,トレンドマイクロ,3003
1795.T,マサル,3004
9237.T,笑美面,3005
2351.T,ＡＳＪ,3006
4570.T,免疫生物研究所,3007
3841.T,ジーダット,3008
7091.T,リビングプラットフォーム,3009
3674.T,オークファン,3010
4620.T,藤倉化成,3011
8334.T,群馬銀行,3012
6814.T,古野電気,3013
7453.T,良品計画,3014
6363.T,酉島製作所,3015
7012.T,川崎重工業,3016
75505.T,ゼンショーホールディングス第１回社債型種類株式,3017
6508.T,明電舎,3018
2304.T,ＣＳＳホールディングス,3019
7064.T,ハウテレビジョン,3020
6521.T,オキサイド,3021
6836.T,ぷらっとホーム,3022
299A.T,クラシル,3023
6786.T,ＲＶＨ,3024
3661.T,エムアップホールディングス,3025
3562.T,Ｎｏ．１,3026
3692.T,ＦＦＲＩセキュリティ,3027
7831.T,ウイルコホールディングス,3028
7189.T,西日本フィナンシャルホールディングス,3029
6484.T,ＫＶＫ,3030
7011.T,三菱重工業,3031
9563.T,Ａｔｌａｓ　Ｔｅｃｈｎｏｌｏｇｉｅｓ,3032
253A.T,ＥＴＳグループ,3033
9417.T,スマートバリュー,3034
331A.T,メディックス,3035
8345.T,岩手銀行,3036
3760.T,ケイブ,3037
5892.T,ｙｕｔｏｒｉ,3038
8341.T,七十七銀行,3039
6676.T,ＢＵＦＦＡＬＯ,3040
1380.T,秋川牧園,3041
9259.T,タカヨシホールディングス,3042
8360.T,山梨中央銀行,3043
4020.T,ビートレンド,3044
3349.T,コスモス薬品,3045
6049.T,イトクロ,3046
7097.T,さくらさくプラス,3047
6278.T,ユニオンツール,3048
4063.T,信越化学工業,3049
407A.T,ＵＮＩＣＯＮホールディングス,3050
4888.T,ステラファーマ,3051
4597.T,ソレイジア・ファーマ,3052
8393.T,宮崎銀行,3053
6942.T,ソフィアホールディングス,3054
6562.T,ジーニー,3055
9552.T,クオンツ総研ホールディングス,3056
6496.T,中北製作所,3057
4026.T,神島化学工業,3058
9976.T,セキチュー,3059
8370.T,紀陽銀行,3060
4381.T,ビープラッツ,3061
9475.T,昭文社ホールディングス,3062
8818.T,京阪神ビルディング,3063
6998.T,日本タングステン,3064
261A.T,日水コン,3065
4889.T,レナサイエンス,3066
9639.T,三協フロンテア,3067
8912.T,エリアクエスト,3068
3399.T,丸千代山岡家,3069
4347.T,ブロードメディア,3070
8544.T,京葉銀行,3071
3979.T,うるる,3072
9633.T,東京テアトル,3073
8337.T,千葉興業銀行,3074
7707.T,プレシジョン・システム・サイエンス,3075
4816.T,東映アニメーション,3076
6912.T,菊水ホールディングス,3077
8395.T,佐賀銀行,3078
3372.T,関門海,3079
8377.T,ほくほくフィナンシャルグループ,3080
7500.T,西川計測,3081
3747.T,インタートレード,3082
6633.T,ＣＧＳホールディングス,3083
5262.T,日本ヒューム,3084
2780.T,コメ兵ホールディングス,3085
9171.T,栗林商船,3086
9656.T,グリーンランドリゾート,3087
7725.T,インターアクション,3088
3375.T,ＺＯＡ,3089
5541.T,大平洋金属,3090
4107.T,伊勢化学工業,3091
9369.T,キユーソー流通システム,3092
9927.T,ワットマン,3093
7885.T,タカノ,3094
2818.T,ピエトロ,3095
4894.T,クオリプス,3096
2798.T,ワイズテーブルコーポレーション,3097
7551.T,ウェッズ,3098
6093.T,エスクロー・エージェント・ジャパン,3099
5621.T,ヒューマンテクノロジーズ,3100
5304.T,ＳＥＣカーボン,3101
7213.T,レシップホールディングス,3102
4165.T,プレイド,3103
1841.T,サンユー建設,3104
8894.T,ＲＥＶＯＬＵＴＩＯＮ,3105
8132.T,シナネンホールディングス,3106
3445.T,ＲＳ　Ｔｅｃｈｎｏｌｏｇｉｅｓ,3107
7837.T,アールシーコア,3108
5997.T,協立エアテック,3109
9876.T,コックス,3110
8359.T,八十二長野銀行,3111
3121.T,マーチャント・バンカーズ,3112
4222.T,児玉化学工業,3113
2404.T,鉄人化ホールディングス,3114
6941.T,山一電機,3115
3137.T,ファンデリー,3116
5078.T,セレコーポレーション,3117
2586.T,フルッタフルッタ,3118
6238.T,フリュー,3119
8050.T,セイコーグループ,3120
4651.T,サニックスホールディングス,3121
135A.T,ＶＲＡＩＮ　Ｓｏｌｕｔｉｏｎ,3122
9854.T,愛眼,3123
6494.T,ＮＦＫホールディングス,3124
9439.T,エム・エイチ・グループ,3125
8136.T,サンリオ,3126
4990.T,昭和化学工業,3127
7322.T,三十三フィナンシャルグループ,3128
3355.T,クリヤマホールディングス,3129
6824.T,新コスモス電機,3130
2702.T,日本マクドナルドホールディングス,3131
8367.T,南都銀行,3132
3965.T,キャピタル・アセット・プランニング,3133
9602.T,東宝,3134
6444.T,サンデン,3135
5707.T,東邦亜鉛,3136
3750.T,ＡＤＲ１２０Ｓ,3137
3656.T,ＫＬａｂ,3138
50765.T,インフロニア・ホールディングス第１回社債型種類株式,3139
1980.T,ダイダン,3140
4021.T,日産化学,3141
4591.T,リボミック,3142
9272.T,ブティックス,3143
3710.T,ジョルダン,3144
4379.T,Ｐｈｏｔｏｓｙｎｔｈ,3145
4193.T,ファブリカホールディングス,3146
7635.T,杉田エース,3147
9509.T,北海道電力,3148
8338.T,筑波銀行,3149
7721.T,東京計器,3150
4418.T,ＪＤＳＣ,3151
5856.T,エルアイイーエイチ,3152
7088.T,フォーラムエンジニアリング,3153
6745.T,ホーチキ,3154
5830.T,いよぎんホールディングス,3155
7208.T,カネミツ,3156
7739.T,キヤノン電子,3157
3536.T,アクサスホールディングス,3158
5029.T,サークレイス,3159
146A.T,コロンビア・ワークス,3160
2337.T,いちご,3161
5871.T,ＳＯＬＩＺＥ　Ｈｏｌｄｉｎｇｓ,3162
5588.T,ファーストアカウンティング,3163
6721.T,ウインテスト,3164
8522.T,名古屋銀行,3165
3058.T,三洋堂ホールディングス,3166
9505.T,北陸電力,3167
1605.T,ＩＮＰＥＸ,3168
6574.T,コンヴァノ,3169
9115.T,明海グループ,3170
5958.T,三洋工業,3171
7255.T,桜井製作所,3172
7636.T,ハンズマン,3173
4263.T,サスメド,3174
3267.T,フィル・カンパニー,3175
3169.T,ミサワ,3176
4351.T,山田再生系債権回収総合事務所,3177
7986.T,日本アイ・エス・ケイ,3178
5923.T,高田機工,3179
6701.T,日本電気,3180
7116.T,ダイワ通信,3181
7677.T,ヤシマキザイ,3182
8346.T,東邦銀行,3183
3659.T,ネクソン,3184
2782.T,セリア,3185
7048.T,ベルトラ,3186
6425.T,ユニバーサルエンターテインメント,3187
8308.T,りそなホールディングス,3188
3997.T,トレードワークス,3189
9950.T,ハチバン,3190
6087.T,アビスト,3191
4623.T,アサヒペン,3192
7911.T,ＴＯＰＰＡＮホールディングス,3193
7138.T,ＴＯＲＩＣＯ,3194
4978.T,リプロセル,3195
2480.T,システム・ロケーション,3196
1446.T,キャンディル,3197
6027.T,弁護士ドットコム,3198
6324.T,ハーモニック・ドライブ・システムズ,3199
6771.T,池上通信機,3200
9561.T,グラッドキューブ,3201
7887.T,南海プライウッド,3202
9610.T,ウィルソン・ラーニング　ワールドワイド,3203
2673.T,夢みつけ隊,3204
7674.T,ＮＡＴＴＹ　ＳＷＡＮＫＹホールディングス,3205
2747.T,北雄ラッキー,3206
1518.T,三井松島ホールディングス,3207
3189.T,ＡＮＡＰホールディングス,3208
9270.T,バリュエンスホールディングス,3209
7003.T,三井Ｅ＆Ｓ,3210
6819.T,伊豆シャボテンリゾート,3211
2776.T,新都ホールディングス,3212
3542.T,ベガコーポレーション,3213
268A.T,リガク・ホールディングス,3214
8550.T,栃木銀行,3215
6034.T,ＭＲＴ,3216
5310.T,東洋炭素,3217
6255.T,エヌ・ピー・シー,3218
7826.T,フルヤ金属,3219
8237.T,松屋,3220
1952.T,新日本空調,3221
9229.T,サンウェルズ,3222
1663.T,Ｋ＆Ｏエナジーグループ,3223
6777.T,ｓａｎｔｅｃ　Ｈｏｌｄｉｎｇｓ,3224
4970.T,東洋合成工業,3225
3252.T,地主,3226
7030.T,スプリックス,3227
8524.T,北洋銀行,3228
4393.T,バンク・オブ・イノベーション,3229
7472.T,鳥羽洋行,3230
2917.T,大森屋,3231
9343.T,アイビス,3232
4615.T,神東塗料,3233
7800.T,アミファ,3234
6203.T,豊和工業,3235
3370.T,フジタコーポレーション,3236
9986.T,蔵王産業,3237
4027.T,テイカ,3238
2206.T,江崎グリコ,3239
3763.T,プロシップ,3240
1948.T,弘電社,3241
6597.T,ＨＰＣシステムズ,3242
9818.T,大丸エナウィン,3243
2767.T,円谷フィールズホールディングス,3244
2464.T,Ａｏｂａ‐ＢＢＴ,3245
8107.T,キムラタン,3246
6469.T,放電精密加工研究所,3247
4047.T,関東電化工業,3248
3187.T,ミラタップ,3249
7320.T,Ｓｏｌｖｖｙ,3250
7509.T,アイエーグループ,3251
7297.T,カーメイト,3252
6144.T,西部電機,3253
9517.T,イーレックス,3254
3297.T,東武住販,3255
6186.T,一蔵,3256
6495.T,宮入バルブ製作所,3257
8139.T,ナガホリ,3258
8247.T,大和,3259
9258.T,ＣＳ－Ｃ,3260
6678.T,テクノメディカ,3261
2371.T,カカクコム,3262
254A.T,ＡＩフュージョンキャピタルグループ,3263
5801.T,古河電気工業,3264
4527.T,ロート製薬,3265
7014.T,名村造船所,3266
7084.T,Ｓｍｉｌｅ　Ｈｏｌｄｉｎｇｓ,3267
7325.T,アイリックコーポレーション,3268
6482.T,ＹＵＳＨＩＮ,3269
4506.T,住友ファーマ,3270
1447.T,ＳＡＡＦホールディングス,3271
173A.T,ハンモック,3272
1758.T,太洋基礎工業,3273
4091.T,日本酸素ホールディングス,3274
6229.T,オーケーエム,3275
9723.T,京都ホテル,3276
1662.T,石油資源開発,3277
6901.T,澤藤電機,3278
6201.T,豊田自動織機,3279
3192.T,白鳩,3280
5939.T,大谷工業,3281
2978.T,ツクルバ,3282
1968.T,太平電業,3283
319A.T,技術承継機構,3284
5817.T,ＪＭＡＣＳ,3285
1967.T,ヤマト,3286
5724.T,アサカ理研,3287
8944.T,ランドビジネス,3288
9849.T,共同紙販ホールディングス,3289
6670.T,ＭＣＪ,3290
9302.T,三井倉庫ホールディングス,3291
3944.T,古林紙工,3292
9636.T,きんえい,3293
7018.T,内海造船,3294
1438.T,岐阜造園,3295
6231.T,木村工機,3296
5246.T,ＥＬＥＭＥＮＴＳ,3297
2894.T,石井食品,3298
9348.T,ｉｓｐａｃｅ,3299
8746.T,ｕｎｂａｎｋｅｄ,3300
9326.T,関通,3301
4659.T,エイジス,3302
6996.T,ニチコン,3303
7114.T,フーディソン,3304
4334.T,ユークス,3305
5969.T,ロブテックス,3306
7923.T,トーイン,3307
5928.T,アルメタックス,3308
1515.T,日鉄鉱業,3309
5582.T,グリッド,3310
7022.T,サノヤスホールディングス,3311
7318.T,セレンディップ・ホールディングス,3312
9307.T,杉村倉庫,3313
3353.T,メディカル一光グループ,3314
3041.T,ビューティカダンホールディングス,3315
6674.T,ジーエス・ユアサ　コーポレーション,3316
194A.T,ＷＯＬＶＥＳ　ＨＡＮＤ,3317
241A.T,ＲＯＸＸ,3318
438A.T,インフキュリオン,3319
198A.T,ＰｏｓｔＰｒｉｍｅ,3320
3976.T,シャノン,3321
2769.T,ヴィレッジヴァンガードコーポレーション,3322
6622.T,ダイヘン,3323
2323.T,ｆｏｎｆｕｎ,3324
4814.T,ネクストウェア,3325
3853.T,アステリア,3326
4425.T,Ｋｕｄａｎ,3327
5591.T,ＡＶＩＬＥＮ,3328
142A.T,ジンジブ,3329
3851.T,日本一ソフトウェア,3330
94345.T,ソフトバンク第１回社債型種類株式,3331
4769.T,ＩＣ,3332
5631.T,日本製鋼所,3333
7779.T,ＣＹＢＥＲＤＹＮＥ,3334
9506.T,東北電力,3335
300A.T,ＭＩＣ,3336
3672.T,オルトプラス,3337
352A.T,ＬＯＩＶＥ,3338
3839.T,ＯＤＫソリューションズ,3339
4449.T,ギフティ,3340
1798.T,守谷商会,3341
4476.T,ＡＩ　ＣＲＯＳＳ,3342
4241.T,アテクト,3343
7746.T,岡本硝子,3344
5136.T,ｔｒｉｐｌａ,3345
3848.T,データ・アプリケーション,3346
4088.T,エア・ウォーター,3347
4307.T,野村総合研究所,3348
3067.T,東京一番フーズ,3349
4833.T,Ｄｅｆ　ｃｏｎｓｕｌｔｉｎｇ,3350
373A.T,リップス,3351
3987.T,エコモット,3352
8123.T,川辺,3353
7777.T,スリー・ディー・マトリックス,3354
6960.T,フクダ電子,3355
3444.T,菊池製作所,3356
248A.T,キッズスター,3357
7057.T,エヌ・シー・エヌ,3358
6966.T,三井ハイテック,3359
5729.T,日本精鉱,3360
4113.T,田岡化学工業,3361
9355.T,リンコーコーポレーション,3362
9227.T,マイクロ波化学,3363
3186.T,ネクステージ,3364
4751.T,サイバーエージェント,3365
7345.T,アイ・パートナーズフィナンシャル,3366
8386.T,百十四銀行,3367
4420.T,イーソル,3368
6227.T,ＡＩメカテック,3369
8919.T,カチタス,3370
6965.T,浜松ホトニクス,3371
2413.T,エムスリー,3372
5802.T,住友電気工業,3373
6594.T,ニデック,3374
2134.T,北浜キャピタルパートナーズ,3375
8142.T,トーホー,3376
285A.T,キオクシアホールディングス,3377
4441.T,トビラシステムズ,3378
9250.T,ＧＲＣＳ,3379
9238.T,バリュークリエーション,3380
9336.T,大栄環境,3381
1965.T,テクノ菱和,3382
9993.T,ヤマザワ,3383
7368.T,表示灯,3384
6772.T,東京コスモス電機,3385
7815.T,東京ボード工業,3386
6800.T,ヨコオ,3387
186A.T,アストロスケールホールディングス,3388
6862.T,ミナトホールディングス,3389
6822.T,大井電気,3390
6504.T,富士電機,3391
7859.T,アルメディオ,3392
7906.T,ヨネックス,3393
5484.T,東北特殊鋼,3394
7614.T,オーエムツーネットワーク,3395
9697.T,カプコン,3396
4025.T,多木化学,3397
9330.T,揚羽,3398
4627.T,ナトコ,3399
5016.T,ＪＸ金属,3400
6787.T,メイコー,3401
7047.T,ポート,3402
9338.T,ＩＮＦＯＲＩＣＨ,3403
8002.T,丸紅,3404
7922.T,三光産業,3405
4762.T,エックスネット,3406
5010.T,日本精蝋,3407
7119.T,ハルメクホールディングス,3408
6834.T,精工技研,3409
3974.T,ＳＣＡＴ,3410
7046.T,ＴＤＳＥ,3411
4119.T,日本ピグメントホールディングス,3412
4395.T,アクリート,3413
2334.T,イオレ,3414
5572.T,Ｒｉｄｇｅ－ｉ,3415
4416.T,Ｔｒｕｅ　Ｄａｔａ,3416
9501.T,東京電力ホールディングス,3417
9996.T,サトー商会,3418
9685.T,ＫＹＣＯＭホールディングス,3419
7836.T,アビックス,3420
7184.T,富山第一銀行,3421
5838.T,楽天銀行,3422
5950.T,日本パワーファスニング,3423
6994.T,指月電機製作所,3424
8835.T,太平洋興発,3425
7901.T,マツモト,3426
9766.T,コナミグループ,3427
338A.T,ＺｅｎｍｕＴｅｃｈ,3428
6838.T,多摩川ホールディングス,3429
7946.T,光陽社,3430
3900.T,クラウドワークス,3431
3902.T,メディカル・データ・ビジョン,3432
9895.T,コンセック,3433
7490.T,日新商事,3434
5741.T,ＵＡＣＪ,3435
7776.T,セルシード,3436
9211.T,エフ・コード,3437
1433.T,ベステラ,3438
334A.T,ビジュアル・プロセッシング・ジャパン,3439
5698.T,エンビプロ・ホールディングス,3440
3205.T,ダイドーリミテッド,3441
5352.T,黒崎播磨,3442
6092.T,エンバイオ・ホールディングス,3443
6016.T,ジャパンエンジンコーポレーション,3444
4735.T,京進,3445
2961.T,日本調理機,3446
6855.T,日本電子材料,3447
6907.T,ジオマテック,3448
7810.T,クロスフォー,3449
4382.T,ＨＥＲＯＺ,3450
4172.T,Ｈｉクラテス,3451
5803.T,フジクラ,3452
2692.T,伊藤忠食品,3453
5243.T,ｎｏｔｅ,3454
7062.T,フレアス,3455
3396.T,フェリシモ,3456
4125.T,三和油化工業,3457
6140.T,旭ダイヤモンド工業,3458
2293.T,滝沢ハム,3459
1776.T,三井住建道路,3460
3180.T,ビューティガレージ,3461
7074.T,トゥエンティーフォーセブンホールディングス,3462
3856.T,Ａｂａｌａｎｃｅ,3463
8381.T,山陰合同銀行,3464
9214.T,Ｒｅｃｏｖｅｒｙ　Ｉｎｔｅｒｎａｔｉｏｎａｌ,3465
4499.T,Ｓｐｅｅｅ,3466
2585.T,ライフドリンク　カンパニー,3467
9337.T,トリドリ,3468
9760.T,進学会ホールディングス,3469
421A.T,ムービン・ストラテジック・キャリア,3470
5210.T,日本山村硝子,3471
2437.T,Ｓｈｉｎｗａ　Ｗｉｓｅ　Ｈｏｌｄｉｎｇｓ,3472
5032.T,ＡＮＹＣＯＬＯＲ,3473
5706.T,三井金属,3474
2330.T,フォーサイド,3475
7082.T,ジモティー,3476
378A.T,ヒット,3477
4922.T,コーセーホールディングス,3478
5998.T,アドバネクス,3479
5256.T,Ｆｕｓｉｃ,3480
9661.T,歌舞伎座,3481
4082.T,第一稀元素化学工業,3482
6391.T,加地テック,3483
3913.T,ＧｒｅｅｎＢｅｅ,3484
3825.T,リミックスポイント,3485
4258.T,網屋,3486
7875.T,竹田ｉＰホールディングス,3487
3810.T,サイバーステップホールディングス,3488
6454.T,マックス,3489
2998.T,クリアル,3490
6090.T,ヒューマン・メタボローム・テクノロジーズ,3491
3512.T,日本フエルト,3492
7425.T,初穂商事,3493
8227.T,しまむら,3494
4255.T,ＴＨＥＣＯＯ,3495
2931.T,ユーグレナ,3496
7983.T,ミロク,3497
6235.T,オプトラン,3498
6467.T,ニチダイ,3499
6159.T,ミクロン精密,3500
6961.T,エンプラス,3501
5742.T,エヌアイシ・オートテック,3502
3083.T,スターシーズ,3503
343A.T,ＩＡＣＥトラベル,3504
276A.T,ククレブ・アドバイザーズ,3505
4582.T,シンバイオ製薬,3506
9253.T,スローガン,3507
3687.T,フィックスターズ,3508
6366.T,千代田化工建設,3509
4005.T,住友化学,3510
5253.T,カバー,3511
3926.T,オープンドア,3512
6466.T,ＴＶＥ,3513
6946.T,日本アビオニクス,3514
6018.T,阪神内燃機工業,3515
5134.T,ＰＯＰＥＲ,3516
2901.T,ウェルディッシュ,3517
4431.T,スマレジ,3518
340A.T,ジグザグ,3519
3673.T,ブロードリーフ,3520
6736.T,サン電子,3521
3513.T,イチカワ,3522
3071.T,ストリーム,3523
3185.T,夢展望,3524
4450.T,パワーソリューションズ,3525
9562.T,ビジネスコーチ,3526
2923.T,サトウ食品,3527
7974.T,任天堂,3528
7375.T,リファインバースグループ,3529
262A.T,インターメスティック,3530
5844.T,京都フィナンシャルグループ,3531
2216.T,カンロ,3532
6208.T,石川製作所,3533
6775.T,ＴＢグループ,3534
3635.T,コーエーテクモホールディングス,3535
9519.T,レノバ,3536
149A.T,シンカ,3537
9221.T,フルハシＥＰＯ,3538
7435.T,ナ・デックス,3539
323A.T,フライヤー,3540
3392.T,デリカフーズホールディングス,3541
6033.T,エクストリーム,3542
4196.T,ネオマーケティング,3543
8715.T,アニコム　ホールディングス,3544
4274.T,細谷火工,3545
8946.T,ＡＳＩＡＮ　ＳＴＡＲ,3546
7360.T,オンデック,3547
4572.T,カルナバイオサイエンス,3548
4493.T,サイバーセキュリティクラウド,3549
4062.T,イビデン,3550
6769.T,ザインエレクトロニクス,3551
9556.T,ＩＮＴＬＯＯＰ,3552
3065.T,ライフフーズ,3553
3927.T,フーバーブレイン,3554
278A.T,Ｔｅｒｒａ　Ｄｒｏｎｅ,3555
7317.T,松屋アールアンドディ,3556
7771.T,日本精密,3557
7450.T,サンデー,3558
290A.T,Ｓｙｎｓｐｅｃｔｉｖｅ,3559
4174.T,アピリッツ,3560
189A.T,Ｄ＆Ｍカンパニー,3561
7220.T,武蔵精密工業,3562
6943.T,ＮＫＫスイッチズ,3563
9412.T,スカパーＪＳＡＴホールディングス,3564
141A.T,トライアルホールディングス,3565
8088.T,岩谷産業,3566
350A.T,デジタルグリッド,3567
6507.T,シンフォニアテクノロジー,3568
2349.T,エヌアイデイ,3569
6378.T,木村化工機,3570
5283.T,高見澤,3571
6920.T,レーザーテック,3572
5695.T,パウダーテック,3573
9327.T,イー・ロジット,3574
143A.T,イシン,3575
5255.T,モンスターラボ,3576
402A.T,アクセルスペースホールディングス,3577
6081.T,アライドアーキテクツ,3578
2806.T,ユタカフーズ,3579
3168.T,ＭＥＲＦ,3580
3103.T,ユニチカ,3581
6619.T,ダブル・スコープ,3582
6403.T,水道機工,3583
6269.T,三井海洋開発,3584
7743.T,シード,3585
4586.T,メドレックス,3586
6696.T,トラース・オン・プロダクト,3587
5918.T,瀧上工業,3588
4934.T,プレミアアンチエイジング,3589
277A.T,グロービング,3590
3628.T,データホライゾン,3591
4199.T,ワンダープラネット,3592
6433.T,ヒーハイスト,3593
4197.T,アスマーク,3594
5461.T,中部鋼鈑,3595
8143.T,ラピーヌ,3596
9067.T,丸運,3597
7808.T,シー・エス・ランバー,3598
7980.T,重松製作所,3599
7857.T,セキ,3600
6135.T,牧野フライス製作所,3601
3903.T,ｇｕｍｉ,3602
6537.T,ＷＡＳＨハウス,3603
9476.T,中央経済社ホールディングス,3604
3361.T,トーエル,3605
6656.T,インスペック,3606
2929.T,ファーマフーズ,3607
9635.T,武蔵野興業,3608
4445.T,リビン・テクノロジーズ,3609
2160.T,ジーエヌアイグループ,3610
4446.T,Ｌｉｎｋ－Ｕグループ,3611
7090.T,リグア,3612
4598.T,Ｄｅｌｔａ－Ｆｌｙ　Ｐｈａｒｍａ,3613
4360.T,マナック・ケミカル・パートナーズ,3614
6232.T,ＡＣＳＬ,3615
1491.T,中外鉱業,3616
4259.T,エクサウィザーズ,3617
9537.T,北陸瓦斯,3618
8105.T,Ｂｉｔｃｏｉｎ　Ｊａｐａｎ,3619
7063.T,Ｂｉｒｄｍａｎ,3620
7957.T,フジコピアン,3621
215A.T,タイミー,3622
4237.T,フジプレアム,3623
5381.T,マイポックス,3624
464A.T,ＱＰＳホールディングス,3625
1997.T,暁飯島工業,3626
9306.T,東陽倉庫,3627
4881.T,ファンペップ,3628
2321.T,ソフトフロントホールディングス,3629
3110.T,日東紡績,3630
6248.T,横田製作所,3631
3446.T,ジェイテックコーポレーション,3632
5537.T,ＡｌｂａＬｉｎｋ,3633
6166.T,中村超硬,3634
7357.T,ジオコード,3635
9213.T,セイファート,3636
4596.T,窪田製薬ホールディングス,3637
5905.T,日本製罐,3638
1407.T,ウエストホールディングス,3639
4996.T,クミアイ化学工業,3640
2693.T,ＹＫＴ,3641
4935.T,リベルタ,3642
4882.T,ペルセウスプロテオミクス,3643
4052.T,フィーチャ,3644
3315.T,日本コークス工業,3645
6492.T,岡野バルブ製造,3646
5132.T,ｐｌｕｓｚｅｒｏ,3647
9353.T,櫻島埠頭,3648
6327.T,北川精機,3649
195A.T,ＭＵＳＣＡＴ　ＧＲＯＵＰ,3650
3647.T,アスリナ,3651
6408.T,小倉クラッチ,3652
3350.T,メタプラネット,3653
6072.T,地盤ネットホールディングス,3654
4031.T,片倉コープアグリ,3655
7878.T,光・彩,3656
6356.T,日本ギア工業,3657
9212.T,Ｇｒｅｅｎ　Ｅａｒｔｈ　Ｉｎｓｔｉｔｕｔｅ,3658
7699.T,オムニ・プラス・システム・リミテッド　ＪＤＲ,3659
3624.T,アクセルマーク,3660
9980.T,ＭＲＫホールディングス,3661
1436.T,グリーンエナジー＆カンパニー,3662
1514.T,住石ホールディングス,3663
4624.T,イサム塗料,3664
264A.T,Ｓｃｈｏｏ,3665
4075.T,ブレインズテクノロジー,3666
3930.T,はてな,3667
4265.T,Ｉｎｓｔｉｔｕｔｉｏｎ　ｆｏｒ　ａ　Ｇｌｏｂａｌ　Ｓｏｃｉｅｔｙ,3668
9514.T,エフオン,3669
4960.T,ケミプロ化成,3670
6731.T,ピクセラ,3671
4316.T,ビーマップ,3672
1711.T,ＳＤＳホールディングス,3673
8995.T,誠建設工業,3674
1787.T,ナカボーテック,3675
8938.T,グローム・ホールディングス,3676
157A.T,グリーンモンスター,3677
1726.T,ビーアールホールディングス,3678
4979.T,ＯＡＴアグリオ,3679
5074.T,テスホールディングス,3680
6573.T,ＣＲＡＶＩＡ,3681
190A.T,Ｃｈｏｒｄｉａ　Ｔｈｅｒａｐｅｕｔｉｃｓ,3682
6330.T,東洋エンジニアリング,3683
4372.T,ユミルリンク,3684
7031.T,インバウンドテック,3685
7256.T,河西工業,3686
9399.T,ビート・ホールディングス・リミテッド,3687
5985.T,サンコール,3688
4893.T,ノイルイミューン・バイオテック,3689
7794.T,イーディーピー,3690
7719.T,東京衡機,3691
9257.T,ＹＣＰホールディングス（グローバル）リミテッド　ＪＤＲ,3692
3803.T,イメージ情報開発,3693
6613.T,ＱＤレーザ,3694
7640.T,トップカルチャー,3695
4690.T,日本パレットプール,3696
206A.T,ＰＲＩＳＭ　ＢｉｏＬａｂ,3697
9565.T,ＧＬＯＥ,3698
6085.T,アーキテクツ・スタジオ・ジャパン,3699
1844.T,大盛工業,3700
2962.T,テクニスコ,3701
7999.T,ＭＵＴＯＨホールディングス,3702
4664.T,アール・エス・シー,3703
6666.T,リバーエレテック,3704
3358.T,Ｔｒａｉｌｈｅａｄ　Ｇｌｏｂａｌ　Ｈｏｌｄｉｎｇｓ,3705
4890.T,坪田ラボ,3706
4438.T,Ｗｅｌｂｙ,3707
9130.T,共栄タンカー,3708
4556.T,カイノス,3709
3840.T,パス,3710
2338.T,クオンタムソリューションズ,3711
